row_type,hypothesis_id,hypothesis_version,hypothesis_fingerprint,symbol,horizon_bars,spec_fingerprint,state,reason_signature,sample_count,mean_forward_return,median_forward_return,min_forward_return,max_forward_return,positive_count,negative_count,zero_count,episode_count,mean_delta_vs_matched_unconditional,median_delta_vs_matched_unconditional,first_evaluated_timestamp,last_evaluated_timestamp,total_observations,bullish_count,bearish_count,neutral_count,insufficient_data_count,evaluated,insufficient_future_data,no_reference_bar,ineligible,bars_fetched,warmup_bars,observation_bars,outcome_buffer_bars
coverage,trend_alignment,1,650add07184f8440,SPY,1,83e9dabf9b4e27de,,,,,,,,,,,,,,,,2516,1709,724,83,0,2516,0,0,0,2640,85,2516,39
coverage,trend_alignment,1,650add07184f8440,SPY,5,b586481caf972d58,,,,,,,,,,,,,,,,2516,1709,724,83,0,2516,0,0,0,2640,85,2516,39
coverage,trend_alignment,1,650add07184f8440,SPY,20,a040ca488aa3f51f,,,,,,,,,,,,,,,,2516,1709,724,83,0,2516,0,0,0,2640,85,2516,39
coverage,momentum_in_trend_context,1,6589cb8021b76574,SPY,1,83e9dabf9b4e27de,,,,,,,,,,,,,,,,2516,1189,279,1048,0,2516,0,0,0,2640,85,2516,39
coverage,momentum_in_trend_context,1,6589cb8021b76574,SPY,5,b586481caf972d58,,,,,,,,,,,,,,,,2516,1189,279,1048,0,2516,0,0,0,2640,85,2516,39
coverage,momentum_in_trend_context,1,6589cb8021b76574,SPY,20,a040ca488aa3f51f,,,,,,,,,,,,,,,,2516,1189,279,1048,0,2516,0,0,0,2640,85,2516,39
coverage,trend_crossover,1,f1126ca778e6f7ce,SPY,1,83e9dabf9b4e27de,,,,,,,,,,,,,,,,2516,25,25,2466,0,2516,0,0,0,2640,85,2516,39
coverage,trend_crossover,1,f1126ca778e6f7ce,SPY,5,b586481caf972d58,,,,,,,,,,,,,,,,2516,25,25,2466,0,2516,0,0,0,2640,85,2516,39
coverage,trend_crossover,1,f1126ca778e6f7ce,SPY,20,a040ca488aa3f51f,,,,,,,,,,,,,,,,2516,25,25,2466,0,2516,0,0,0,2640,85,2516,39
coverage,trend_alignment,1,650add07184f8440,QQQ,1,83e9dabf9b4e27de,,,,,,,,,,,,,,,,2516,1732,722,62,0,2516,0,0,0,2640,85,2516,39
coverage,trend_alignment,1,650add07184f8440,QQQ,5,b586481caf972d58,,,,,,,,,,,,,,,,2516,1732,722,62,0,2516,0,0,0,2640,85,2516,39
coverage,trend_alignment,1,650add07184f8440,QQQ,20,a040ca488aa3f51f,,,,,,,,,,,,,,,,2516,1732,722,62,0,2516,0,0,0,2640,85,2516,39
coverage,momentum_in_trend_context,1,6589cb8021b76574,QQQ,1,83e9dabf9b4e27de,,,,,,,,,,,,,,,,2516,1187,288,1041,0,2516,0,0,0,2640,85,2516,39
coverage,momentum_in_trend_context,1,6589cb8021b76574,QQQ,5,b586481caf972d58,,,,,,,,,,,,,,,,2516,1187,288,1041,0,2516,0,0,0,2640,85,2516,39
coverage,momentum_in_trend_context,1,6589cb8021b76574,QQQ,20,a040ca488aa3f51f,,,,,,,,,,,,,,,,2516,1187,288,1041,0,2516,0,0,0,2640,85,2516,39
coverage,trend_crossover,1,f1126ca778e6f7ce,QQQ,1,83e9dabf9b4e27de,,,,,,,,,,,,,,,,2516,25,25,2466,0,2516,0,0,0,2640,85,2516,39
coverage,trend_crossover,1,f1126ca778e6f7ce,QQQ,5,b586481caf972d58,,,,,,,,,,,,,,,,2516,25,25,2466,0,2516,0,0,0,2640,85,2516,39
coverage,trend_crossover,1,f1126ca778e6f7ce,QQQ,20,a040ca488aa3f51f,,,,,,,,,,,,,,,,2516,25,25,2466,0,2516,0,0,0,2640,85,2516,39
coverage,trend_alignment,1,650add07184f8440,IWM,1,83e9dabf9b4e27de,,,,,,,,,,,,,,,,2516,1580,850,86,0,2516,0,0,0,2640,85,2516,39
coverage,trend_alignment,1,650add07184f8440,IWM,5,b586481caf972d58,,,,,,,,,,,,,,,,2516,1580,850,86,0,2516,0,0,0,2640,85,2516,39
coverage,trend_alignment,1,650add07184f8440,IWM,20,a040ca488aa3f51f,,,,,,,,,,,,,,,,2516,1580,850,86,0,2516,0,0,0,2640,85,2516,39
coverage,momentum_in_trend_context,1,6589cb8021b76574,IWM,1,83e9dabf9b4e27de,,,,,,,,,,,,,,,,2516,874,382,1260,0,2516,0,0,0,2640,85,2516,39
coverage,momentum_in_trend_context,1,6589cb8021b76574,IWM,5,b586481caf972d58,,,,,,,,,,,,,,,,2516,874,382,1260,0,2516,0,0,0,2640,85,2516,39
coverage,momentum_in_trend_context,1,6589cb8021b76574,IWM,20,a040ca488aa3f51f,,,,,,,,,,,,,,,,2516,874,382,1260,0,2516,0,0,0,2640,85,2516,39
coverage,trend_crossover,1,f1126ca778e6f7ce,IWM,1,83e9dabf9b4e27de,,,,,,,,,,,,,,,,2516,29,30,2457,0,2516,0,0,0,2640,85,2516,39
coverage,trend_crossover,1,f1126ca778e6f7ce,IWM,5,b586481caf972d58,,,,,,,,,,,,,,,,2516,29,30,2457,0,2516,0,0,0,2640,85,2516,39
coverage,trend_crossover,1,f1126ca778e6f7ce,IWM,20,a040ca488aa3f51f,,,,,,,,,,,,,,,,2516,29,30,2457,0,2516,0,0,0,2640,85,2516,39
coverage,trend_alignment,1,650add07184f8440,TLT,1,83e9dabf9b4e27de,,,,,,,,,,,,,,,,2516,1161,1243,112,0,2516,0,0,0,2640,85,2516,39
coverage,trend_alignment,1,650add07184f8440,TLT,5,b586481caf972d58,,,,,,,,,,,,,,,,2516,1161,1243,112,0,2516,0,0,0,2640,85,2516,39
coverage,trend_alignment,1,650add07184f8440,TLT,20,a040ca488aa3f51f,,,,,,,,,,,,,,,,2516,1161,1243,112,0,2516,0,0,0,2640,85,2516,39
coverage,momentum_in_trend_context,1,6589cb8021b76574,TLT,1,83e9dabf9b4e27de,,,,,,,,,,,,,,,,2516,599,696,1221,0,2516,0,0,0,2640,85,2516,39
coverage,momentum_in_trend_context,1,6589cb8021b76574,TLT,5,b586481caf972d58,,,,,,,,,,,,,,,,2516,599,696,1221,0,2516,0,0,0,2640,85,2516,39
coverage,momentum_in_trend_context,1,6589cb8021b76574,TLT,20,a040ca488aa3f51f,,,,,,,,,,,,,,,,2516,599,696,1221,0,2516,0,0,0,2640,85,2516,39
coverage,trend_crossover,1,f1126ca778e6f7ce,TLT,1,83e9dabf9b4e27de,,,,,,,,,,,,,,,,2516,28,29,2459,0,2516,0,0,0,2640,85,2516,39
coverage,trend_crossover,1,f1126ca778e6f7ce,TLT,5,b586481caf972d58,,,,,,,,,,,,,,,,2516,28,29,2459,0,2516,0,0,0,2640,85,2516,39
coverage,trend_crossover,1,f1126ca778e6f7ce,TLT,20,a040ca488aa3f51f,,,,,,,,,,,,,,,,2516,28,29,2459,0,2516,0,0,0,2640,85,2516,39
coverage,trend_alignment,1,650add07184f8440,GLD,1,83e9dabf9b4e27de,,,,,,,,,,,,,,,,2516,1325,1099,92,0,2516,0,0,0,2640,85,2516,39
coverage,trend_alignment,1,650add07184f8440,GLD,5,b586481caf972d58,,,,,,,,,,,,,,,,2516,1325,1099,92,0,2516,0,0,0,2640,85,2516,39
coverage,trend_alignment,1,650add07184f8440,GLD,20,a040ca488aa3f51f,,,,,,,,,,,,,,,,2516,1325,1099,92,0,2516,0,0,0,2640,85,2516,39
coverage,momentum_in_trend_context,1,6589cb8021b76574,GLD,1,83e9dabf9b4e27de,,,,,,,,,,,,,,,,2516,787,496,1233,0,2516,0,0,0,2640,85,2516,39
coverage,momentum_in_trend_context,1,6589cb8021b76574,GLD,5,b586481caf972d58,,,,,,,,,,,,,,,,2516,787,496,1233,0,2516,0,0,0,2640,85,2516,39
coverage,momentum_in_trend_context,1,6589cb8021b76574,GLD,20,a040ca488aa3f51f,,,,,,,,,,,,,,,,2516,787,496,1233,0,2516,0,0,0,2640,85,2516,39
coverage,trend_crossover,1,f1126ca778e6f7ce,GLD,1,83e9dabf9b4e27de,,,,,,,,,,,,,,,,2516,27,28,2461,0,2516,0,0,0,2640,85,2516,39
coverage,trend_crossover,1,f1126ca778e6f7ce,GLD,5,b586481caf972d58,,,,,,,,,,,,,,,,2516,27,28,2461,0,2516,0,0,0,2640,85,2516,39
coverage,trend_crossover,1,f1126ca778e6f7ce,GLD,20,a040ca488aa3f51f,,,,,,,,,,,,,,,,2516,27,28,2461,0,2516,0,0,0,2640,85,2516,39
matched_unconditional,trend_alignment,1,650add07184f8440,SPY,1,83e9dabf9b4e27de,all,,2516,0.00018713442415378942,0.0005052889501334645,-0.05661153587863332,0.047994072837921564,1356,1146,14,1,,,2015-01-02T05:00:00+00:00,2024-12-31T05:00:00+00:00,,,,,,,,,,,,,
state,trend_alignment,1,650add07184f8440,SPY,1,83e9dabf9b4e27de,bullish,,1709,7.217793177056916e-05,0.00046266730962218894,-0.038729914945676236,0.036484374080576254,922,776,11,26,-0.00011495649238322026,-4.2621640511275594e-05,2015-01-02T05:00:00+00:00,2024-12-31T05:00:00+00:00,,,,,,,,,,,,,
state,trend_alignment,1,650add07184f8440,SPY,1,83e9dabf9b4e27de,bearish,,724,0.0003127942979467542,0.0005685267483094281,-0.05661153587863332,0.047994072837921564,383,338,3,23,0.0001256598737929648,6.323779817596353e-05,2015-01-12T05:00:00+00:00,2024-08-30T04:00:00+00:00,,,,,,,,,,,,,
state,trend_alignment,1,650add07184f8440,SPY,1,83e9dabf9b4e27de,neutral,,83,0.0014580126995371256,0.0011609018518414782,-0.012944505019818364,0.02201747792330533,51,32,0,39,0.0012708782753833362,0.0006556129017080137,2015-01-07T05:00:00+00:00,2024-09-03T04:00:00+00:00,,,,,,,,,,,,,
neutral_reason,trend_alignment,1,650add07184f8440,SPY,1,83e9dabf9b4e27de,neutral,trend_margin_below_threshold,83,0.0014580126995371256,0.0011609018518414782,-0.012944505019818364,0.02201747792330533,51,32,0,39,0.0012708782753833362,0.0006556129017080137,2015-01-07T05:00:00+00:00,2024-09-03T04:00:00+00:00,,,,,,,,,,,,,
matched_unconditional,trend_alignment,1,650add07184f8440,SPY,5,b586481caf972d58,all,,2516,0.0020971210387160173,0.0037472059072714003,-0.15735668296758132,0.11762305171795329,1507,1006,3,1,,,2015-01-02T05:00:00+00:00,2024-12-31T05:00:00+00:00,,,,,,,,,,,,,
state,trend_alignment,1,650add07184f8440,SPY,5,b586481caf972d58,bullish,,1709,0.001667495205981526,0.0034531645245867715,-0.11395796127196078,0.06689408899943938,1031,676,2,26,-0.0004296258327344913,-0.00029404138268462887,2015-01-02T05:00:00+00:00,2024-12-31T05:00:00+00:00,,,,,,,,,,,,,
state,trend_alignment,1,650add07184f8440,SPY,5,b586481caf972d58,bearish,,724,0.0034187791261713154,0.005435728456390065,-0.15735668296758132,0.11762305171795329,421,302,1,23,0.001321658087455298,0.001688522549118665,2015-01-12T05:00:00+00:00,2024-08-30T04:00:00+00:00,,,,,,,,,,,,,
state,trend_alignment,1,650add07184f8440,SPY,5,b586481caf972d58,neutral,,83,-0.0005854079633850741,0.0043442776562607754,-0.10435693934476165,0.03374015527593688,55,28,0,39,-0.0026825290021010913,0.0005970717489893751,2015-01-07T05:00:00+00:00,2024-09-03T04:00:00+00:00,,,,,,,,,,,,,
neutral_reason,trend_alignment,1,650add07184f8440,SPY,5,b586481caf972d58,neutral,trend_margin_below_threshold,83,-0.0005854079633850741,0.0043442776562607754,-0.10435693934476165,0.03374015527593688,55,28,0,39,-0.0026825290021010913,0.0005970717489893751,2015-01-07T05:00:00+00:00,2024-09-03T04:00:00+00:00,,,,,,,,,,,,,
matched_unconditional,trend_alignment,1,650add07184f8440,SPY,20,a040ca488aa3f51f,all,,2516,0.009315311305321278,0.015199267558811735,-0.3117552779281434,0.23401548413671724,1689,827,0,1,,,2015-01-02T05:00:00+00:00,2024-12-31T05:00:00+00:00,,,,,,,,,,,,,
state,trend_alignment,1,650add07184f8440,SPY,20,a040ca488aa3f51f,bullish,,1709,0.00618879428271334,0.013607798752205635,-0.3117552779281434,0.11515067720945193,1147,562,0,26,-0.0031265170226079386,-0.0015914688066061,2015-01-02T05:00:00+00:00,2024-12-31T05:00:00+00:00,,,,,,,,,,,,,
state,trend_alignment,1,650add07184f8440,SPY,20,a040ca488aa3f51f,bearish,,724,0.017481809903576343,0.021107020066934656,-0.19289794403109595,0.23401548413671724,493,231,0,23,0.008166498598255065,0.005907752508122921,2015-01-12T05:00:00+00:00,2024-08-30T04:00:00+00:00,,,,,,,,,,,,,
state,trend_alignment,1,650add07184f8440,SPY,20,a040ca488aa3f51f,neutral,,83,0.0024559451185779293,0.008427074241805776,-0.1580099173158248,0.0634368082995802,49,34,0,39,-0.006859366186743349,-0.006772193317005959,2015-01-07T05:00:00+00:00,2024-09-03T04:00:00+00:00,,,,,,,,,,,,,
neutral_reason,trend_alignment,1,650add07184f8440,SPY,20,a040ca488aa3f51f,neutral,trend_margin_below_threshold,83,0.0024559451185779293,0.008427074241805776,-0.1580099173158248,0.0634368082995802,49,34,0,39,-0.006859366186743349,-0.006772193317005959,2015-01-07T05:00:00+00:00,2024-09-03T04:00:00+00:00,,,,,,,,,,,,,
matched_unconditional,momentum_in_trend_context,1,6589cb8021b76574,SPY,1,83e9dabf9b4e27de,all,,2516,0.00018713442415378942,0.0005052889501334645,-0.05661153587863332,0.047994072837921564,1356,1146,14,1,,,2015-01-02T05:00:00+00:00,2024-12-31T05:00:00+00:00,,,,,,,,,,,,,
state,momentum_in_trend_context,1,6589cb8021b76574,SPY,1,83e9dabf9b4e27de,bullish,,1189,0.00015827996635936934,0.00045493509434946233,-0.034835954540506475,0.030822530891824185,645,537,7,103,-2.885445779442008e-05,-5.03538557840022e-05,2015-02-17T05:00:00+00:00,2024-12-17T05:00:00+00:00,,,,,,,,,,,,,
state,momentum_in_trend_context,1,6589cb8021b76574,SPY,1,83e9dabf9b4e27de,bearish,,279,0.0011319513750022644,0.0013726276906806945,-0.05661153587863332,0.047994072837921564,153,126,0,63,0.0009448169508484751,0.0008673387405472299,2015-01-13T05:00:00+00:00,2024-05-01T04:00:00+00:00,,,,,,,,,,,,,
state,momentum_in_trend_context,1,6589cb8021b76574,SPY,1,83e9dabf9b4e27de,neutral,,1048,-3.165944890838527e-05,0.0005008547064004887,-0.038729914945676236,0.036484374080576254,558,483,7,167,-0.0002187938730621747,-4.434243732975851e-06,2015-01-02T05:00:00+00:00,2024-12-31T05:00:00+00:00,,,,,,,,,,,,,
neutral_reason,momentum_in_trend_context,1,6589cb8021b76574,SPY,1,83e9dabf9b4e27de,neutral,"fast_above_slow,momentum_depressed,momentum_contradicts_trend",192,0.0010628102775440407,0.0029571932572515225,-0.038729914945676236,0.036484374080576254,116,74,2,77,0.0008756758533902513,0.002451904307118058,2015-01-05T05:00:00+00:00,2024-12-31T05:00:00+00:00,,,,,,,,,,,,,
neutral_reason,momentum_in_trend_context,1,6589cb8021b76574,SPY,1,83e9dabf9b4e27de,neutral,"fast_below_slow,momentum_elevated,momentum_contradicts_trend",215,-7.92348893415726e-05,0.0001328084478733338,-0.02916979293608557,0.01239775657575426,110,103,2,46,-0.000266369313495362,-0.00037248050226013074,2015-01-22T05:00:00+00:00,2024-08-30T04:00:00+00:00,,,,,,,,,,,,,
neutral_reason,momentum_in_trend_context,1,6589cb8021b76574,SPY,1,83e9dabf9b4e27de,neutral,momentum_midrange,641,-0.0003435306935039087,0.00021264321945846376,-0.034814478355343126,0.03029997688806918,332,306,3,245,-0.0005306651176576981,-0.00029264573067500077,2015-01-02T05:00:00+00:00,2024-12-27T05:00:00+00:00,,,,,,,,,,,,,
matched_unconditional,momentum_in_trend_context,1,6589cb8021b76574,SPY,5,b586481caf972d58,all,,2516,0.0020971210387160173,0.0037472059072714003,-0.15735668296758132,0.11762305171795329,1507,1006,3,1,,,2015-01-02T05:00:00+00:00,2024-12-31T05:00:00+00:00,,,,,,,,,,,,,
state,momentum_in_trend_context,1,6589cb8021b76574,SPY,5,b586481caf972d58,bullish,,1189,0.0016396199639147238,0.003218094887826428,-0.11315465262750735,0.054314223053589794,728,459,2,103,-0.00045750107480129355,-0.0005291110194449722,2015-02-17T05:00:00+00:00,2024-12-17T05:00:00+00:00,,,,,,,,,,,,,
state,momentum_in_trend_context,1,6589cb8021b76574,SPY,5,b586481caf972d58,bearish,,279,0.005845028069400856,0.009625102577706546,-0.15735668296758132,0.11762305171795329,168,111,0,63,0.0037479070306848388,0.005877896670435145,2015-01-13T05:00:00+00:00,2024-05-01T04:00:00+00:00,,,,,,,,,,,,,
state,momentum_in_trend_context,1,6589cb8021b76574,SPY,5,b586481caf972d58,neutral,,1048,0.0016184022566336387,0.004275265257868699,-0.11395796127196078,0.06915884124022864,611,436,1,167,-0.0004787187820823786,0.0005280593505972986,2015-01-02T05:00:00+00:00,2024-12-31T05:00:00+00:00,,,,,,,,,,,,,
neutral_reason,momentum_in_trend_context,1,6589cb8021b76574,SPY,5,b586481caf972d58,neutral,"fast_above_slow,momentum_depressed,momentum_contradicts_trend",192,0.007172453404996383,0.00730249698347385,-0.11395796127196078,0.06689408899943938,133,59,0,77,0.0050753323662803655,0.0035552910762024492,2015-01-05T05:00:00+00:00,2024-12-31T05:00:00+00:00,,,,,,,,,,,,,
neutral_reason,momentum_in_trend_context,1,6589cb8021b76574,SPY,5,b586481caf972d58,neutral,"fast_below_slow,momentum_elevated,momentum_contradicts_trend",215,0.0034178479207613763,0.005221677198676167,-0.05115490348871932,0.04298698159964531,138,77,0,46,0.001320726882045359,0.0014744712914047664,2015-01-22T05:00:00+00:00,2024-08-30T04:00:00+00:00,,,,,,,,,,,,,
neutral_reason,momentum_in_trend_context,1,6589cb8021b76574,SPY,5,b586481caf972d58,neutral,momentum_midrange,641,-0.0006487719060389205,0.001684746587319541,-0.10435693934476165,0.06915884124022864,340,300,1,245,-0.0027458929447549377,-0.0020624593199518593,2015-01-02T05:00:00+00:00,2024-12-27T05:00:00+00:00,,,,,,,,,,,,,
matched_unconditional,momentum_in_trend_context,1,6589cb8021b76574,SPY,20,a040ca488aa3f51f,all,,2516,0.009315311305321278,0.015199267558811735,-0.3117552779281434,0.23401548413671724,1689,827,0,1,,,2015-01-02T05:00:00+00:00,2024-12-31T05:00:00+00:00,,,,,,,,,,,,,
state,momentum_in_trend_context,1,6589cb8021b76574,SPY,20,a040ca488aa3f51f,bullish,,1189,0.004995350017379164,0.011755796872006119,-0.2893941880159001,0.11317770986984144,774,415,0,103,-0.004319961287942114,-0.0034434706868056164,2015-02-17T05:00:00+00:00,2024-12-17T05:00:00+00:00,,,,,,,,,,,,,
state,momentum_in_trend_context,1,6589cb8021b76574,SPY,20,a040ca488aa3f51f,bearish,,279,0.02499809973619862,0.02558972544865079,-0.19289794403109595,0.23401548413671724,188,91,0,63,0.01568278843087734,0.010390457889839055,2015-01-13T05:00:00+00:00,2024-05-01T04:00:00+00:00,,,,,,,,,,,,,
state,momentum_in_trend_context,1,6589cb8021b76574,SPY,20,a040ca488aa3f51f,neutral,,1048,0.01004139527397433,0.01773708495715043,-0.3117552779281434,0.18239372734417758,727,321,0,167,0.0007260839686530508,0.002537817398338693,2015-01-02T05:00:00+00:00,2024-12-31T05:00:00+00:00,,,,,,,,,,,,,
neutral_reason,momentum_in_trend_context,1,6589cb8021b76574,SPY,20,a040ca488aa3f51f,neutral,"fast_above_slow,momentum_depressed,momentum_contradicts_trend",192,0.008174748395205468,0.02261387882230781,-0.3117552779281434,0.10935731424404738,138,54,0,77,-0.0011405629101158103,0.007414611263496074,2015-01-05T05:00:00+00:00,2024-12-31T05:00:00+00:00,,,,,,,,,,,,,
neutral_reason,momentum_in_trend_context,1,6589cb8021b76574,SPY,20,a040ca488aa3f51f,neutral,"fast_below_slow,momentum_elevated,momentum_contradicts_trend",215,0.01341914500263079,0.020820250331152534,-0.12271433345012539,0.08242842990793853,159,56,0,46,0.004103833697309512,0.005620982772340799,2015-01-22T05:00:00+00:00,2024-08-30T04:00:00+00:00,,,,,,,,,,,,,
neutral_reason,momentum_in_trend_context,1,6589cb8021b76574,SPY,20,a040ca488aa3f51f,neutral,momentum_midrange,641,0.009467573135226252,0.016146576733309326,-0.2919477852327189,0.18239372734417758,430,211,0,245,0.00015226182990497363,0.0009473091744975903,2015-01-02T05:00:00+00:00,2024-12-27T05:00:00+00:00,,,,,,,,,,,,,
matched_unconditional,trend_crossover,1,f1126ca778e6f7ce,SPY,1,83e9dabf9b4e27de,all,,2516,0.00018713442415378942,0.0005052889501334645,-0.05661153587863332,0.047994072837921564,1356,1146,14,1,,,2015-01-02T05:00:00+00:00,2024-12-31T05:00:00+00:00,,,,,,,,,,,,,
state,trend_crossover,1,f1126ca778e6f7ce,SPY,1,83e9dabf9b4e27de,bullish,,25,0.000885358170759174,0.0012544970173025138,-0.009225294805052964,0.013337337118619619,15,10,0,25,0.0006982237466053846,0.0007492080671690493,2015-02-17T05:00:00+00:00,2024-09-03T04:00:00+00:00,,,,,,,,,,,,,
state,trend_crossover,1,f1126ca778e6f7ce,SPY,1,83e9dabf9b4e27de,bearish,,25,0.0029831942587572025,0.0018090436491438044,-0.016654556901344097,0.02201747792330533,16,9,0,25,0.002796059834603413,0.00130375469901034,2015-01-08T05:00:00+00:00,2024-08-09T04:00:00+00:00,,,,,,,,,,,,,
state,trend_crossover,1,f1126ca778e6f7ce,SPY,1,83e9dabf9b4e27de,neutral,,2466,0.00015170981363869617,0.0004953997801646626,-0.05661153587863332,0.047994072837921564,1325,1127,14,50,-3.542461051509325e-05,-9.889169968801959e-06,2015-01-02T05:00:00+00:00,2024-12-31T05:00:00+00:00,,,,,,,,,,,,,
neutral_reason,trend_crossover,1,f1126ca778e6f7ce,SPY,1,83e9dabf9b4e27de,neutral,relationship_unchanged,2466,0.00015170981363869617,0.0004953997801646626,-0.05661153587863332,0.047994072837921564,1325,1127,14,50,-3.542461051509325e-05,-9.889169968801959e-06,2015-01-02T05:00:00+00:00,2024-12-31T05:00:00+00:00,,,,,,,,,,,,,
matched_unconditional,trend_crossover,1,f1126ca778e6f7ce,SPY,5,b586481caf972d58,all,,2516,0.0020971210387160173,0.0037472059072714003,-0.15735668296758132,0.11762305171795329,1507,1006,3,1,,,2015-01-02T05:00:00+00:00,2024-12-31T05:00:00+00:00,,,,,,,,,,,,,
state,trend_crossover,1,f1126ca778e6f7ce,SPY,5,b586481caf972d58,bullish,,25,0.0006508129762274528,0.0025591477986508515,-0.04752737403512497,0.021688683428193745,16,9,0,25,-0.0014463080624885646,-0.0011880581086205488,2015-02-17T05:00:00+00:00,2024-09-03T04:00:00+00:00,,,,,,,,,,,,,
state,trend_crossover,1,f1126ca778e6f7ce,SPY,5,b586481caf972d58,bearish,,25,-0.003864463431629508,0.006348915634953434,-0.10435693934476165,0.03762560558432648,14,11,0,25,-0.005961584470345525,0.0026017097276820333,2015-01-08T05:00:00+00:00,2024-08-09T04:00:00+00:00,,,,,,,,,,,,,
state,trend_crossover,1,f1126ca778e6f7ce,SPY,5,b586481caf972d58,neutral,,2466,0.0021722213279783253,0.0037417733402470565,-0.15735668296758132,0.11762305171795329,1477,986,3,50,7.510028926230794e-05,-5.432567024343804e-06,2015-01-02T05:00:00+00:00,2024-12-31T05:00:00+00:00,,,,,,,,,,,,,
neutral_reason,trend_crossover,1,f1126ca778e6f7ce,SPY,5,b586481caf972d58,neutral,relationship_unchanged,2466,0.0021722213279783253,0.0037417733402470565,-0.15735668296758132,0.11762305171795329,1477,986,3,50,7.510028926230794e-05,-5.432567024343804e-06,2015-01-02T05:00:00+00:00,2024-12-31T05:00:00+00:00,,,,,,,,,,,,,
matched_unconditional,trend_crossover,1,f1126ca778e6f7ce,SPY,20,a040ca488aa3f51f,all,,2516,0.009315311305321278,0.015199267558811735,-0.3117552779281434,0.23401548413671724,1689,827,0,1,,,2015-01-02T05:00:00+00:00,2024-12-31T05:00:00+00:00,,,,,,,,,,,,,
state,trend_crossover,1,f1126ca778e6f7ce,SPY,20,a040ca488aa3f51f,bullish,,25,0.006407693000208767,0.011075732685912554,-0.08532137479403046,0.06662931523008031,16,9,0,25,-0.0029076183051125115,-0.004123534872899182,2015-02-17T05:00:00+00:00,2024-09-03T04:00:00+00:00,,,,,,,,,,,,,
state,trend_crossover,1,f1126ca778e6f7ce,SPY,20,a040ca488aa3f51f,bearish,,25,-0.005138937235056251,-0.00411817281909832,-0.1580099173158248,0.07208099495047882,11,14,0,25,-0.01445424854037753,-0.019317440377910056,2015-01-08T05:00:00+00:00,2024-08-09T04:00:00+00:00,,,,,,,,,,,,,
state,trend_crossover,1,f1126ca778e6f7ce,SPY,20,a040ca488aa3f51f,neutral,,2466,0.009491323742927627,0.015311570553947051,-0.3117552779281434,0.23401548413671724,1662,804,0,50,0.00017601243760634842,0.00011230299513531605,2015-01-02T05:00:00+00:00,2024-12-31T05:00:00+00:00,,,,,,,,,,,,,
neutral_reason,trend_crossover,1,f1126ca778e6f7ce,SPY,20,a040ca488aa3f51f,neutral,relationship_unchanged,2466,0.009491323742927627,0.015311570553947051,-0.3117552779281434,0.23401548413671724,1662,804,0,50,0.00017601243760634842,0.00011230299513531605,2015-01-02T05:00:00+00:00,2024-12-31T05:00:00+00:00,,,,,,,,,,,,,
matched_unconditional,trend_alignment,1,650add07184f8440,QQQ,1,83e9dabf9b4e27de,all,,2516,0.000280268897323429,0.0007592567729050037,-0.0607461660131684,0.06790237782320374,1358,1150,8,1,,,2015-01-02T05:00:00+00:00,2024-12-31T05:00:00+00:00,,,,,,,,,,,,,
state,trend_alignment,1,650add07184f8440,QQQ,1,83e9dabf9b4e27de,bullish,,1732,0.00014623517911873724,0.0006310362525266955,-0.04463951180993453,0.04489011542869492,929,797,6,27,-0.00013403371820469177,-0.00012822052037830822,2015-01-02T05:00:00+00:00,2024-12-31T05:00:00+00:00,,,,,,,,,,,,,
state,trend_alignment,1,650add07184f8440,QQQ,1,83e9dabf9b4e27de,bearish,,722,0.0007867648666888448,0.0015432009557462267,-0.0607461660131684,0.06790237782320374,400,320,2,25,0.0005064959693654159,0.000783944182841223,2015-01-09T05:00:00+00:00,2024-09-12T04:00:00+00:00,,,,,,,,,,,,,
state,trend_alignment,1,650add07184f8440,QQQ,1,83e9dabf9b4e27de,neutral,,62,-0.001873661585762121,-0.0006916598444738353,-0.038992881050585626,0.022112053546578636,29,33,0,41,-0.00215393048308555,-0.001450916617378839,2015-01-07T05:00:00+00:00,2024-09-18T04:00:00+00:00,,,,,,,,,,,,,
neutral_reason,trend_alignment,1,650add07184f8440,QQQ,1,83e9dabf9b4e27de,neutral,trend_margin_below_threshold,62,-0.001873661585762121,-0.0006916598444738353,-0.038992881050585626,0.022112053546578636,29,33,0,41,-0.00215393048308555,-0.001450916617378839,2015-01-07T05:00:00+00:00,2024-09-18T04:00:00+00:00,,,,,,,,,,,,,
matched_unconditional,trend_alignment,1,650add07184f8440,QQQ,5,b586481caf972d58,all,,2516,0.0031839595031250703,0.004977821615775757,-0.158172131977789,0.12087444533461689,1493,1021,2,1,,,2015-01-02T05:00:00+00:00,2024-12-31T05:00:00+00:00,,,,,,,,,,,,,
state,trend_alignment,1,650add07184f8440,QQQ,5,b586481caf972d58,bullish,,1732,0.0017498287755695451,0.003941745023437693,-0.158172131977789,0.12087444533461689,1020,711,1,27,-0.0014341307275555252,-0.0010360765923380644,2015-01-02T05:00:00+00:00,2024-12-31T05:00:00+00:00,,,,,,,,,,,,,
state,trend_alignment,1,650add07184f8440,QQQ,5,b586481caf972d58,bearish,,722,0.006744835201290444,0.009744624160151205,-0.1072317923955386,0.10665416709989994,440,281,1,25,0.0035608756981653734,0.004766802544375448,2015-01-09T05:00:00+00:00,2024-09-12T04:00:00+00:00,,,,,,,,,,,,,
state,trend_alignment,1,650add07184f8440,QQQ,5,b586481caf972d58,neutral,,62,0.0017801234716858776,0.0020600168255060503,-0.0731899162307783,0.0525457729977743,33,29,0,41,-0.0014038360314391927,-0.002917804790269707,2015-01-07T05:00:00+00:00,2024-09-18T04:00:00+00:00,,,,,,,,,,,,,
neutral_reason,trend_alignment,1,650add07184f8440,QQQ,5,b586481caf972d58,neutral,trend_margin_below_threshold,62,0.0017801234716858776,0.0020600168255060503,-0.0731899162307783,0.0525457729977743,33,29,0,41,-0.0014038360314391927,-0.002917804790269707,2015-01-07T05:00:00+00:00,2024-09-18T04:00:00+00:00,,,,,,,,,,,,,
matched_unconditional,trend_alignment,1,650add07184f8440,QQQ,20,a040ca488aa3f51f,all,,2516,0.014004018405437404,0.019558389789087194,-0.2749464537397952,0.24467591722579995,1692,822,2,1,,,2015-01-02T05:00:00+00:00,2024-12-31T05:00:00+00:00,,,,,,,,,,,,,
state,trend_alignment,1,650add07184f8440,QQQ,20,a040ca488aa3f51f,bullish,,1732,0.009176130346056625,0.016815690415374895,-0.2749464537397952,0.13276946735966466,1155,576,1,27,-0.004827888059380779,-0.0027426993737122984,2015-01-02T05:00:00+00:00,2024-12-31T05:00:00+00:00,,,,,,,,,,,,,
state,trend_alignment,1,650add07184f8440,QQQ,20,a040ca488aa3f51f,bearish,,722,0.026307176898268732,0.029759083161398747,-0.1422226743589784,0.24467591722579995,498,223,1,25,0.012303158492831328,0.010200693372311553,2015-01-09T05:00:00+00:00,2024-09-12T04:00:00+00:00,,,,,,,,,,,,,
state,trend_alignment,1,650add07184f8440,QQQ,20,a040ca488aa3f51f,neutral,,62,0.00560114238968407,0.01452354159826974,-0.13319374285515628,0.09533234015241443,39,23,0,41,-0.008402876015753334,-0.005034848190817454,2015-01-07T05:00:00+00:00,2024-09-18T04:00:00+00:00,,,,,,,,,,,,,
neutral_reason,trend_alignment,1,650add07184f8440,QQQ,20,a040ca488aa3f51f,neutral,trend_margin_below_threshold,62,0.00560114238968407,0.01452354159826974,-0.13319374285515628,0.09533234015241443,39,23,0,41,-0.008402876015753334,-0.005034848190817454,2015-01-07T05:00:00+00:00,2024-09-18T04:00:00+00:00,,,,,,,,,,,,,
matched_unconditional,momentum_in_trend_context,1,6589cb8021b76574,QQQ,1,83e9dabf9b4e27de,all,,2516,0.000280268897323429,0.0007592567729050037,-0.0607461660131684,0.06790237782320374,1358,1150,8,1,,,2015-01-02T05:00:00+00:00,2024-12-31T05:00:00+00:00,,,,,,,,,,,,,
state,momentum_in_trend_context,1,6589cb8021b76574,QQQ,1,83e9dabf9b4e27de,bullish,,1187,6.560268741946391e-05,0.0004575062393361584,-0.035860456969243226,0.02714677978109381,630,552,5,115,-0.0002146662099039651,-0.0003017505335688453,2015-02-17T05:00:00+00:00,2024-12-26T05:00:00+00:00,,,,,,,,,,,,,
state,momentum_in_trend_context,1,6589cb8021b76574,QQQ,1,83e9dabf9b4e27de,bearish,,288,0.0009276879208631684,0.001696543147295393,-0.0607461660131684,0.06790237782320374,156,132,0,52,0.0006474190235397394,0.0009372863743903892,2015-01-12T05:00:00+00:00,2024-09-10T04:00:00+00:00,,,,,,,,,,,,,
state,momentum_in_trend_context,1,6589cb8021b76574,QQQ,1,83e9dabf9b4e27de,neutral,,1041,0.00034592894763712894,0.0013177679299480882,-0.04463951180993453,0.04489011542869492,572,466,3,168,6.566005031369992e-05,0.0005585111570430845,2015-01-02T05:00:00+00:00,2024-12-31T05:00:00+00:00,,,,,,,,,,,,,
neutral_reason,momentum_in_trend_context,1,6589cb8021b76574,QQQ,1,83e9dabf9b4e27de,neutral,"fast_above_slow,momentum_depressed,momentum_contradicts_trend",210,0.001143687344088479,0.003000225493245856,-0.04463951180993453,0.04489011542869492,123,87,0,82,0.00086341844676505,0.0022409687203408524,2015-01-05T05:00:00+00:00,2024-12-31T05:00:00+00:00,,,,,,,,,,,,,
neutral_reason,momentum_in_trend_context,1,6589cb8021b76574,QQQ,1,83e9dabf9b4e27de,neutral,"fast_below_slow,momentum_elevated,momentum_contradicts_trend",224,0.0004114749966565033,0.0008195931827031933,-0.033308007344299506,0.022342348975868953,121,101,2,52,0.0001312060993330743,6.033640979818955e-05,2015-01-22T05:00:00+00:00,2024-09-13T04:00:00+00:00,,,,,,,,,,,,,
neutral_reason,momentum_in_trend_context,1,6589cb8021b76574,QQQ,1,83e9dabf9b4e27de,neutral,momentum_midrange,607,4.5745128468886106e-05,0.0011403127754399112,-0.04008991003755624,0.04458050554383486,328,278,1,261,-0.0002345237688545429,0.00038105600253490746,2015-01-02T05:00:00+00:00,2024-12-30T05:00:00+00:00,,,,,,,,,,,,,
matched_unconditional,momentum_in_trend_context,1,6589cb8021b76574,QQQ,5,b586481caf972d58,all,,2516,0.0031839595031250703,0.004977821615775757,-0.158172131977789,0.12087444533461689,1493,1021,2,1,,,2015-01-02T05:00:00+00:00,2024-12-31T05:00:00+00:00,,,,,,,,,,,,,
state,momentum_in_trend_context,1,6589cb8021b76574,QQQ,5,b586481caf972d58,bullish,,1187,0.0019788505030384454,0.003495520680749209,-0.11972946854854694,0.06336892779265013,700,486,1,115,-0.001205109000086625,-0.0014823009350265481,2015-02-17T05:00:00+00:00,2024-12-26T05:00:00+00:00,,,,,,,,,,,,,
state,momentum_in_trend_context,1,6589cb8021b76574,QQQ,5,b586481caf972d58,bearish,,288,0.009089369731360621,0.012301268867386805,-0.09549318928035644,0.10665416709989994,173,114,1,52,0.005905410228235551,0.007323447251611048,2015-01-12T05:00:00+00:00,2024-09-10T04:00:00+00:00,,,,,,,,,,,,,
state,momentum_in_trend_context,1,6589cb8021b76574,QQQ,5,b586481caf972d58,neutral,,1041,0.002924311316161559,0.006214252774890516,-0.158172131977789,0.12087444533461689,620,421,0,168,-0.0002596481869635114,0.0012364311591147592,2015-01-02T05:00:00+00:00,2024-12-31T05:00:00+00:00,,,,,,,,,,,,,
neutral_reason,momentum_in_trend_context,1,6589cb8021b76574,QQQ,5,b586481caf972d58,neutral,"fast_above_slow,momentum_depressed,momentum_contradicts_trend",210,0.0028631975447464377,0.004815845496976112,-0.158172131977789,0.12087444533461689,124,86,0,82,-0.00032076195837863267,-0.0001619761187996449,2015-01-05T05:00:00+00:00,2024-12-31T05:00:00+00:00,,,,,,,,,,,,,
neutral_reason,momentum_in_trend_context,1,6589cb8021b76574,QQQ,5,b586481caf972d58,neutral,"fast_below_slow,momentum_elevated,momentum_contradicts_trend",224,0.00531593242431057,0.0065841228155901765,-0.0731899162307783,0.06753425075583253,137,87,0,52,0.0021319729211854996,0.0016063011998144194,2015-01-22T05:00:00+00:00,2024-09-13T04:00:00+00:00,,,,,,,,,,,,,
neutral_reason,momentum_in_trend_context,1,6589cb8021b76574,QQQ,5,b586481caf972d58,neutral,momentum_midrange,607,0.002062879296016249,0.0069448477408613485,-0.11520488709071874,0.08251143792394955,359,248,0,261,-0.0011210802071088214,0.0019670261250855914,2015-01-02T05:00:00+00:00,2024-12-30T05:00:00+00:00,,,,,,,,,,,,,
matched_unconditional,momentum_in_trend_context,1,6589cb8021b76574,QQQ,20,a040ca488aa3f51f,all,,2516,0.014004018405437404,0.019558389789087194,-0.2749464537397952,0.24467591722579995,1692,822,2,1,,,2015-01-02T05:00:00+00:00,2024-12-31T05:00:00+00:00,,,,,,,,,,,,,
state,momentum_in_trend_context,1,6589cb8021b76574,QQQ,20,a040ca488aa3f51f,bullish,,1187,0.008461939490697047,0.015391642745507195,-0.2749464537397952,0.13276946735966466,780,407,0,115,-0.005542078914740357,-0.004166747043579999,2015-02-17T05:00:00+00:00,2024-12-26T05:00:00+00:00,,,,,,,,,,,,,
state,momentum_in_trend_context,1,6589cb8021b76574,QQQ,20,a040ca488aa3f51f,bearish,,288,0.02792655410814891,0.028590459614366126,-0.1111248895571435,0.24467591722579995,186,101,1,52,0.013922535702711505,0.009032069825278932,2015-01-12T05:00:00+00:00,2024-09-10T04:00:00+00:00,,,,,,,,,,,,,
state,momentum_in_trend_context,1,6589cb8021b76574,QQQ,20,a040ca488aa3f51f,neutral,,1041,0.016471604754540087,0.02273385326188171,-0.23646133610809772,0.18525731956505065,726,314,1,168,0.0024675863491026833,0.0031754634727945152,2015-01-02T05:00:00+00:00,2024-12-31T05:00:00+00:00,,,,,,,,,,,,,
neutral_reason,momentum_in_trend_context,1,6589cb8021b76574,QQQ,20,a040ca488aa3f51f,neutral,"fast_above_slow,momentum_depressed,momentum_contradicts_trend",210,0.015348903483727019,0.0294777530529704,-0.23646133610809772,0.12663530344020257,157,53,0,82,0.001344885078289615,0.009919363263883207,2015-01-05T05:00:00+00:00,2024-12-31T05:00:00+00:00,,,,,,,,,,,,,
neutral_reason,momentum_in_trend_context,1,6589cb8021b76574,QQQ,20,a040ca488aa3f51f,neutral,"fast_below_slow,momentum_elevated,momentum_contradicts_trend",224,0.01633695461939334,0.02190512214760587,-0.1422226743589784,0.11230872881568033,148,76,0,52,0.0023329362139559353,0.0023467323585186772,2015-01-22T05:00:00+00:00,2024-09-13T04:00:00+00:00,,,,,,,,,,,,,
neutral_reason,momentum_in_trend_context,1,6589cb8021b76574,QQQ,20,a040ca488aa3f51f,neutral,momentum_midrange,607,0.016909708374216556,0.019699791203398043,-0.15959475855930672,0.18525731956505065,421,185,1,261,0.002905689968779152,0.00014140141431084885,2015-01-02T05:00:00+00:00,2024-12-30T05:00:00+00:00,,,,,,,,,,,,,
matched_unconditional,trend_crossover,1,f1126ca778e6f7ce,QQQ,1,83e9dabf9b4e27de,all,,2516,0.000280268897323429,0.0007592567729050037,-0.0607461660131684,0.06790237782320374,1358,1150,8,1,,,2015-01-02T05:00:00+00:00,2024-12-31T05:00:00+00:00,,,,,,,,,,,,,
state,trend_crossover,1,f1126ca778e6f7ce,QQQ,1,83e9dabf9b4e27de,bullish,,25,0.0012572507722576499,0.0010651084083699303,-0.02678081689706513,0.022112053546578636,15,10,0,25,0.0009769818749342208,0.00030585163546492655,2015-02-17T05:00:00+00:00,2024-09-16T04:00:00+00:00,,,,,,,,,,,,,
state,trend_crossover,1,f1126ca778e6f7ce,QQQ,1,83e9dabf9b4e27de,bearish,,25,-0.0032370731968153566,-0.0023676342288185825,-0.032283014559627676,0.020503166735295508,10,15,0,25,-0.0035173420941387854,-0.0031268910017235862,2015-01-08T05:00:00+00:00,2024-08-06T04:00:00+00:00,,,,,,,,,,,,,
state,trend_crossover,1,f1126ca778e6f7ce,QQQ,1,83e9dabf9b4e27de,neutral,,2466,0.00030602275193823605,0.0007819718716121082,-0.0607461660131684,0.06790237782320374,1333,1125,8,51,2.5753854614807032e-05,2.271509870710453e-05,2015-01-02T05:00:00+00:00,2024-12-31T05:00:00+00:00,,,,,,,,,,,,,
neutral_reason,trend_crossover,1,f1126ca778e6f7ce,QQQ,1,83e9dabf9b4e27de,neutral,relationship_unchanged,2466,0.00030602275193823605,0.0007819718716121082,-0.0607461660131684,0.06790237782320374,1333,1125,8,51,2.5753854614807032e-05,2.271509870710453e-05,2015-01-02T05:00:00+00:00,2024-12-31T05:00:00+00:00,,,,,,,,,,,,,
matched_unconditional,trend_crossover,1,f1126ca778e6f7ce,QQQ,5,b586481caf972d58,all,,2516,0.0031839595031250703,0.004977821615775757,-0.158172131977789,0.12087444533461689,1493,1021,2,1,,,2015-01-02T05:00:00+00:00,2024-12-31T05:00:00+00:00,,,,,,,,,,,,,
state,trend_crossover,1,f1126ca778e6f7ce,QQQ,5,b586481caf972d58,bullish,,25,0.0033040432653031627,0.005295429494442505,-0.04555034997179919,0.0525457729977743,16,9,0,25,0.00012008376217809234,0.000317607878666748,2015-02-17T05:00:00+00:00,2024-09-16T04:00:00+00:00,,,,,,,,,,,,,
state,trend_crossover,1,f1126ca778e6f7ce,QQQ,5,b586481caf972d58,bearish,,25,-0.0030844689623593167,0.0008914814590068598,-0.08633060540229243,0.03754458387109927,13,12,0,25,-0.006268428465484387,-0.004086340156768897,2015-01-08T05:00:00+00:00,2024-08-06T04:00:00+00:00,,,,,,,,,,,,,
state,trend_crossover,1,f1126ca778e6f7ce,QQQ,5,b586481caf972d58,neutral,,2466,0.0032462906538074134,0.005003477190853256,-0.158172131977789,0.12087444533461689,1464,1000,2,51,6.233115068234301e-05,2.5655575077498938e-05,2015-01-02T05:00:00+00:00,2024-12-31T05:00:00+00:00,,,,,,,,,,,,,
neutral_reason,trend_crossover,1,f1126ca778e6f7ce,QQQ,5,b586481caf972d58,neutral,relationship_unchanged,2466,0.0032462906538074134,0.005003477190853256,-0.158172131977789,0.12087444533461689,1464,1000,2,51,6.233115068234301e-05,2.5655575077498938e-05,2015-01-02T05:00:00+00:00,2024-12-31T05:00:00+00:00,,,,,,,,,,,,,
matched_unconditional,trend_crossover,1,f1126ca778e6f7ce,QQQ,20,a040ca488aa3f51f,all,,2516,0.014004018405437404,0.019558389789087194,-0.2749464537397952,0.24467591722579995,1692,822,2,1,,,2015-01-02T05:00:00+00:00,2024-12-31T05:00:00+00:00,,,,,,,,,,,,,
state,trend_crossover,1,f1126ca778e6f7ce,QQQ,20,a040ca488aa3f51f,bullish,,25,0.009953842845920456,0.02365917827196684,-0.11924222035721344,0.06044647386293356,17,8,0,25,-0.004050175559516948,0.004100788482879647,2015-02-17T05:00:00+00:00,2024-09-16T04:00:00+00:00,,,,,,,,,,,,,
state,trend_crossover,1,f1126ca778e6f7ce,QQQ,20,a040ca488aa3f51f,bearish,,25,0.015268340532185927,0.028533892335308675,-0.10681131322406212,0.10109246032205421,17,8,0,25,0.0012643221267485232,0.008975502546221481,2015-01-08T05:00:00+00:00,2024-08-06T04:00:00+00:00,,,,,,,,,,,,,
state,trend_crossover,1,f1126ca778e6f7ce,QQQ,20,a040ca488aa3f51f,neutral,,2466,0.014032261039589558,0.01948017726700957,-0.2749464537397952,0.24467591722579995,1658,806,2,51,2.8242634152153903e-05,-7.82125220776253e-05,2015-01-02T05:00:00+00:00,2024-12-31T05:00:00+00:00,,,,,,,,,,,,,
neutral_reason,trend_crossover,1,f1126ca778e6f7ce,QQQ,20,a040ca488aa3f51f,neutral,relationship_unchanged,2466,0.014032261039589558,0.01948017726700957,-0.2749464537397952,0.24467591722579995,1658,806,2,51,2.8242634152153903e-05,-7.82125220776253e-05,2015-01-02T05:00:00+00:00,2024-12-31T05:00:00+00:00,,,,,,,,,,,,,
matched_unconditional,trend_alignment,1,650add07184f8440,IWM,1,83e9dabf9b4e27de,all,,2516,-0.00017946357706084126,0.00025514859531550194,-0.049087189483419946,0.05784819015968368,1282,1227,7,1,,,2015-01-02T05:00:00+00:00,2024-12-31T05:00:00+00:00,,,,,,,,,,,,,
state,trend_alignment,1,650add07184f8440,IWM,1,83e9dabf9b4e27de,bullish,,1580,-0.00020050365662097305,0.0003437969834706456,-0.049087189483419946,0.05784819015968368,814,760,6,32,-2.1040079560131786e-05,8.864838815514364e-05,2015-01-02T05:00:00+00:00,2024-12-30T05:00:00+00:00,,,,,,,,,,,,,
state,trend_alignment,1,650add07184f8440,IWM,1,83e9dabf9b4e27de,bearish,,850,8.838952705134422e-06,0.00026150496679622215,-0.046032037134682735,0.05161419702570291,431,418,1,27,0.0001883025297659757,6.356371480720213e-06,2015-02-02T05:00:00+00:00,2024-07-15T04:00:00+00:00,,,,,,,,,,,,,
state,trend_alignment,1,650add07184f8440,IWM,1,83e9dabf9b4e27de,neutral,,86,-0.00165404293282911,-0.001557433196918867,-0.03821072206875076,0.020705529630176578,37,49,0,51,-0.0014745793557682687,-0.001812581792234369,2015-01-29T05:00:00+00:00,2024-12-31T05:00:00+00:00,,,,,,,,,,,,,
neutral_reason,trend_alignment,1,650add07184f8440,IWM,1,83e9dabf9b4e27de,neutral,trend_margin_below_threshold,86,-0.00165404293282911,-0.001557433196918867,-0.03821072206875076,0.020705529630176578,37,49,0,51,-0.0014745793557682687,-0.001812581792234369,2015-01-29T05:00:00+00:00,2024-12-31T05:00:00+00:00,,,,,,,,,,,,,
matched_unconditional,trend_alignment,1,650add07184f8440,IWM,5,b586481caf972d58,all,,2516,0.0012430914291290986,0.0020914588081820673,-0.230792089806085,0.16070931111124476,1343,1171,2,1,,,2015-01-02T05:00:00+00:00,2024-12-31T05:00:00+00:00,,,,,,,,,,,,,
state,trend_alignment,1,650add07184f8440,IWM,5,b586481caf972d58,bullish,,1580,0.0004309989214799888,0.0009353951770664226,-0.11352956902063704,0.11694589177744996,816,763,1,32,-0.0008120925076491098,-0.0011560636311156447,2015-01-02T05:00:00+00:00,2024-12-30T05:00:00+00:00,,,,,,,,,,,,,
state,trend_alignment,1,650add07184f8440,IWM,5,b586481caf972d58,bearish,,850,0.002673673730590448,0.004410439932359678,-0.230792089806085,0.16070931111124476,474,375,1,27,0.0014305823014613495,0.0023189811241776104,2015-02-02T05:00:00+00:00,2024-07-15T04:00:00+00:00,,,,,,,,,,,,,
state,trend_alignment,1,650add07184f8440,IWM,5,b586481caf972d58,neutral,,86,0.002023454287773817,0.005946438330083237,-0.09594710688703456,0.060931330769777414,53,33,0,51,0.0007803628586447184,0.0038549795219011695,2015-01-29T05:00:00+00:00,2024-12-31T05:00:00+00:00,,,,,,,,,,,,,
neutral_reason,trend_alignment,1,650add07184f8440,IWM,5,b586481caf972d58,neutral,trend_margin_below_threshold,86,0.002023454287773817,0.005946438330083237,-0.09594710688703456,0.060931330769777414,53,33,0,51,0.0007803628586447184,0.0038549795219011695,2015-01-29T05:00:00+00:00,2024-12-31T05:00:00+00:00,,,,,,,,,,,,,
matched_unconditional,trend_alignment,1,650add07184f8440,IWM,20,a040ca488aa3f51f,all,,2516,0.00656092928863241,0.009627624744022567,-0.40458603421785844,0.2461822494656265,1462,1053,1,1,,,2015-01-02T05:00:00+00:00,2024-12-31T05:00:00+00:00,,,,,,,,,,,,,
state,trend_alignment,1,650add07184f8440,IWM,20,a040ca488aa3f51f,bullish,,1580,0.002112656389286471,0.006034942929120213,-0.40458603421785844,0.20174112197092775,876,703,1,32,-0.0044482728993459385,-0.0035926818149023543,2015-01-02T05:00:00+00:00,2024-12-30T05:00:00+00:00,,,,,,,,,,,,,
state,trend_alignment,1,650add07184f8440,IWM,20,a040ca488aa3f51f,bearish,,850,0.015316998430623343,0.017120212783339417,-0.30569882969316575,0.2461822494656265,538,312,0,27,0.008756069141990933,0.00749258803931685,2015-02-02T05:00:00+00:00,2024-07-15T04:00:00+00:00,,,,,,,,,,,,,
state,trend_alignment,1,650add07184f8440,IWM,20,a040ca488aa3f51f,neutral,,86,0.0017424689429846125,0.005661030124435751,-0.3853064305954673,0.1430971863066921,48,38,0,51,-0.004818460345647797,-0.003966594619586816,2015-01-29T05:00:00+00:00,2024-12-31T05:00:00+00:00,,,,,,,,,,,,,
neutral_reason,trend_alignment,1,650add07184f8440,IWM,20,a040ca488aa3f51f,neutral,trend_margin_below_threshold,86,0.0017424689429846125,0.005661030124435751,-0.3853064305954673,0.1430971863066921,48,38,0,51,-0.004818460345647797,-0.003966594619586816,2015-01-29T05:00:00+00:00,2024-12-31T05:00:00+00:00,,,,,,,,,,,,,
matched_unconditional,momentum_in_trend_context,1,6589cb8021b76574,IWM,1,83e9dabf9b4e27de,all,,2516,-0.00017946357706084126,0.00025514859531550194,-0.049087189483419946,0.05784819015968368,1282,1227,7,1,,,2015-01-02T05:00:00+00:00,2024-12-31T05:00:00+00:00,,,,,,,,,,,,,
state,momentum_in_trend_context,1,6589cb8021b76574,IWM,1,83e9dabf9b4e27de,bullish,,874,-0.000631229155547152,-2.1512994801353713e-05,-0.041819689313975394,0.03329767784236326,433,437,4,130,-0.0004517655784863107,-0.00027666159011685565,2015-01-26T05:00:00+00:00,2024-12-11T05:00:00+00:00,,,,,,,,,,,,,
state,momentum_in_trend_context,1,6589cb8021b76574,IWM,1,83e9dabf9b4e27de,bearish,,382,0.00015060205609098028,0.0006025406867320449,-0.046032037134682735,0.05161419702570291,196,185,1,71,0.00033006563315182155,0.0003473920914165429,2015-01-30T05:00:00+00:00,2024-12-31T05:00:00+00:00,,,,,,,,,,,,,
state,momentum_in_trend_context,1,6589cb8021b76574,IWM,1,83e9dabf9b4e27de,neutral,,1260,3.383645764792041e-05,0.00039551777683177747,-0.049087189483419946,0.05784819015968368,653,605,2,201,0.00021330003470876167,0.00014036918151627553,2015-01-02T05:00:00+00:00,2024-12-30T05:00:00+00:00,,,,,,,,,,,,,
neutral_reason,momentum_in_trend_context,1,6589cb8021b76574,IWM,1,83e9dabf9b4e27de,neutral,"fast_above_slow,momentum_depressed,momentum_contradicts_trend",234,0.0005269869385874129,0.0024582509793003027,-0.049087189483419946,0.034967074865157155,135,97,2,80,0.0007064505156482541,0.0022031023839848007,2015-01-06T05:00:00+00:00,2024-12-30T05:00:00+00:00,,,,,,,,,,,,,
neutral_reason,momentum_in_trend_context,1,6589cb8021b76574,IWM,1,83e9dabf9b4e27de,neutral,"fast_below_slow,momentum_elevated,momentum_contradicts_trend",196,5.376908836453451e-05,0.0002752338928048159,-0.029260506190558644,0.024915609788602966,101,95,0,47,0.00023323266542537576,2.008529748931398e-05,2015-02-05T05:00:00+00:00,2024-07-16T04:00:00+00:00,,,,,,,,,,,,,
neutral_reason,momentum_in_trend_context,1,6589cb8021b76574,IWM,1,83e9dabf9b4e27de,neutral,momentum_midrange,830,-0.00010990331121990803,0.0001024287987010375,-0.04052029741488816,0.05784819015968368,417,413,0,285,6.956026584093323e-05,-0.00015271979661446444,2015-01-02T05:00:00+00:00,2024-12-16T05:00:00+00:00,,,,,,,,,,,,,
matched_unconditional,momentum_in_trend_context,1,6589cb8021b76574,IWM,5,b586481caf972d58,all,,2516,0.0012430914291290986,0.0020914588081820673,-0.230792089806085,0.16070931111124476,1343,1171,2,1,,,2015-01-02T05:00:00+00:00,2024-12-31T05:00:00+00:00,,,,,,,,,,,,,
state,momentum_in_trend_context,1,6589cb8021b76574,IWM,5,b586481caf972d58,bullish,,874,-0.0006054232052139234,-0.0003019360213041278,-0.11352956902063704,0.09477018667665416,432,441,1,130,-0.001848514634343022,-0.002393394829486195,2015-01-26T05:00:00+00:00,2024-12-11T05:00:00+00:00,,,,,,,,,,,,,
state,momentum_in_trend_context,1,6589cb8021b76574,IWM,5,b586481caf972d58,bearish,,382,0.0011522914858256167,0.005906910653372344,-0.230792089806085,0.16070931111124476,209,172,1,71,-9.07999433034819e-05,0.0038154518451902764,2015-01-30T05:00:00+00:00,2024-12-31T05:00:00+00:00,,,,,,,,,,,,,
state,momentum_in_trend_context,1,6589cb8021b76574,IWM,5,b586481caf972d58,neutral,,1260,0.0025528433090955516,0.0032882264700077046,-0.10927788236400093,0.12779956727593844,702,558,0,201,0.001309751879966453,0.0011967676618256373,2015-01-02T05:00:00+00:00,2024-12-30T05:00:00+00:00,,,,,,,,,,,,,
neutral_reason,momentum_in_trend_context,1,6589cb8021b76574,IWM,5,b586481caf972d58,neutral,"fast_above_slow,momentum_depressed,momentum_contradicts_trend",234,0.005929736924057407,0.009172717716556145,-0.07026185089368886,0.07690207235905477,148,86,0,80,0.004686645494928308,0.007081258908374077,2015-01-06T05:00:00+00:00,2024-12-30T05:00:00+00:00,,,,,,,,,,,,,
neutral_reason,momentum_in_trend_context,1,6589cb8021b76574,IWM,5,b586481caf972d58,neutral,"fast_below_slow,momentum_elevated,momentum_contradicts_trend",196,0.0024912288279829576,0.002078290534787919,-0.10833860340957935,0.05365170253796525,108,88,0,47,0.001248137398853859,-1.31682733941485e-05,2015-02-05T05:00:00+00:00,2024-07-16T04:00:00+00:00,,,,,,,,,,,,,
neutral_reason,momentum_in_trend_context,1,6589cb8021b76574,IWM,5,b586481caf972d58,neutral,momentum_midrange,830,0.0016153533481280751,0.001968378335338805,-0.10927788236400093,0.12779956727593844,446,384,0,285,0.00037226191899897656,-0.00012308047284326218,2015-01-02T05:00:00+00:00,2024-12-16T05:00:00+00:00,,,,,,,,,,,,,
matched_unconditional,momentum_in_trend_context,1,6589cb8021b76574,IWM,20,a040ca488aa3f51f,all,,2516,0.00656092928863241,0.009627624744022567,-0.40458603421785844,0.2461822494656265,1462,1053,1,1,,,2015-01-02T05:00:00+00:00,2024-12-31T05:00:00+00:00,,,,,,,,,,,,,
state,momentum_in_trend_context,1,6589cb8021b76574,IWM,20,a040ca488aa3f51f,bullish,,874,-0.002183425881779167,-0.00014532306914893933,-0.40458603421785844,0.17391298243150755,434,439,1,130,-0.008744355170411576,-0.009772947813171506,2015-01-26T05:00:00+00:00,2024-12-11T05:00:00+00:00,,,,,,,,,,,,,
state,momentum_in_trend_context,1,6589cb8021b76574,IWM,20,a040ca488aa3f51f,bearish,,382,0.011267190653663963,0.011303901794043059,-0.3853064305954673,0.2461822494656265,226,156,0,71,0.004706261365031553,0.0016762770500204915,2015-01-30T05:00:00+00:00,2024-12-31T05:00:00+00:00,,,,,,,,,,,,,
state,momentum_in_trend_context,1,6589cb8021b76574,IWM,20,a040ca488aa3f51f,neutral,,1260,0.011199639270773413,0.0170094609770024,-0.3735326755003485,0.20174112197092775,802,458,0,201,0.0046387099821410035,0.007381836232979833,2015-01-02T05:00:00+00:00,2024-12-30T05:00:00+00:00,,,,,,,,,,,,,
neutral_reason,momentum_in_trend_context,1,6589cb8021b76574,IWM,20,a040ca488aa3f51f,neutral,"fast_above_slow,momentum_depressed,momentum_contradicts_trend",234,0.010718758031637212,0.020584759184040347,-0.13698901039863975,0.20174112197092775,157,77,0,80,0.004157828743004802,0.01095713444001778,2015-01-06T05:00:00+00:00,2024-12-30T05:00:00+00:00,,,,,,,,,,,,,
neutral_reason,momentum_in_trend_context,1,6589cb8021b76574,IWM,20,a040ca488aa3f51f,neutral,"fast_below_slow,momentum_elevated,momentum_contradicts_trend",196,0.018005484128966565,0.017000335490973684,-0.10017698844977185,0.12873947186296397,123,73,0,47,0.011444554840334156,0.007372710746951117,2015-02-05T05:00:00+00:00,2024-07-16T04:00:00+00:00,,,,,,,,,,,,,
neutral_reason,momentum_in_trend_context,1,6589cb8021b76574,IWM,20,a040ca488aa3f51f,neutral,momentum_midrange,830,0.009728049653607162,0.01568948243977586,-0.3735326755003485,0.19472515789760947,522,308,0,285,0.0031671203649747525,0.006061857695753292,2015-01-02T05:00:00+00:00,2024-12-16T05:00:00+00:00,,,,,,,,,,,,,
matched_unconditional,trend_crossover,1,f1126ca778e6f7ce,IWM,1,83e9dabf9b4e27de,all,,2516,-0.00017946357706084126,0.00025514859531550194,-0.049087189483419946,0.05784819015968368,1282,1227,7,1,,,2015-01-02T05:00:00+00:00,2024-12-31T05:00:00+00:00,,,,,,,,,,,,,
state,trend_crossover,1,f1126ca778e6f7ce,IWM,1,83e9dabf9b4e27de,bullish,,29,0.0007515671630101618,0.001207856672498453,-0.017531429762851936,0.019411595605267618,16,13,0,29,0.000931030740071003,0.000952708077182951,2015-02-06T05:00:00+00:00,2024-07-17T04:00:00+00:00,,,,,,,,,,,,,
state,trend_crossover,1,f1126ca778e6f7ce,IWM,1,83e9dabf9b4e27de,bearish,,30,0.00026106870056645434,0.0001841978488994478,-0.03821072206875076,0.026301944799259847,16,14,0,30,0.0004405322776272956,-7.095074641605414e-05,2015-01-30T05:00:00+00:00,2024-12-31T05:00:00+00:00,,,,,,,,,,,,,
state,trend_crossover,1,f1126ca778e6f7ce,IWM,1,83e9dabf9b4e27de,neutral,,2457,-0.0001958314483635999,0.00021391028324191375,-0.049087189483419946,0.05784819015968368,1250,1200,7,59,-1.6367871302758636e-05,-4.123831207358819e-05,2015-01-02T05:00:00+00:00,2024-12-30T05:00:00+00:00,,,,,,,,,,,,,
neutral_reason,trend_crossover,1,f1126ca778e6f7ce,IWM,1,83e9dabf9b4e27de,neutral,relationship_unchanged,2457,-0.0001958314483635999,0.00021391028324191375,-0.049087189483419946,0.05784819015968368,1250,1200,7,59,-1.6367871302758636e-05,-4.123831207358819e-05,2015-01-02T05:00:00+00:00,2024-12-30T05:00:00+00:00,,,,,,,,,,,,,
matched_unconditional,trend_crossover,1,f1126ca778e6f7ce,IWM,5,b586481caf972d58,all,,2516,0.0012430914291290986,0.0020914588081820673,-0.230792089806085,0.16070931111124476,1343,1171,2,1,,,2015-01-02T05:00:00+00:00,2024-12-31T05:00:00+00:00,,,,,,,,,,,,,
state,trend_crossover,1,f1126ca778e6f7ce,IWM,5,b586481caf972d58,bullish,,29,0.0055548823825628,0.010058610355968556,-0.04530123560562793,0.05500591462756832,18,11,0,29,0.004311790953433701,0.007967151547786488,2015-02-06T05:00:00+00:00,2024-07-17T04:00:00+00:00,,,,,,,,,,,,,
state,trend_crossover,1,f1126ca778e6f7ce,IWM,5,b586481caf972d58,bearish,,30,-0.002922314684975776,0.004640042137410316,-0.08166921605743183,0.060931330769777414,18,12,0,30,-0.004165406114104875,0.002548583329228249,2015-01-30T05:00:00+00:00,2024-12-31T05:00:00+00:00,,,,,,,,,,,,,
state,trend_crossover,1,f1126ca778e6f7ce,IWM,5,b586481caf972d58,neutral,,2457,0.001243058969126481,0.0018758031533576691,-0.230792089806085,0.16070931111124476,1307,1148,2,59,-3.2460002617664546e-08,-0.0002156556548243982,2015-01-02T05:00:00+00:00,2024-12-30T05:00:00+00:00,,,,,,,,,,,,,
neutral_reason,trend_crossover,1,f1126ca778e6f7ce,IWM,5,b586481caf972d58,neutral,relationship_unchanged,2457,0.001243058969126481,0.0018758031533576691,-0.230792089806085,0.16070931111124476,1307,1148,2,59,-3.2460002617664546e-08,-0.0002156556548243982,2015-01-02T05:00:00+00:00,2024-12-30T05:00:00+00:00,,,,,,,,,,,,,
matched_unconditional,trend_crossover,1,f1126ca778e6f7ce,IWM,20,a040ca488aa3f51f,all,,2516,0.00656092928863241,0.009627624744022567,-0.40458603421785844,0.2461822494656265,1462,1053,1,1,,,2015-01-02T05:00:00+00:00,2024-12-31T05:00:00+00:00,,,,,,,,,,,,,
state,trend_crossover,1,f1126ca778e6f7ce,IWM,20,a040ca488aa3f51f,bullish,,29,0.013204337498374952,-0.0025002725363626466,-0.0974038197444036,0.1430971863066921,14,15,0,29,0.006643408209742543,-0.012127897280385214,2015-02-06T05:00:00+00:00,2024-07-17T04:00:00+00:00,,,,,,,,,,,,,
state,trend_crossover,1,f1126ca778e6f7ce,IWM,20,a040ca488aa3f51f,bearish,,30,0.005044309051012771,0.025347014997750605,-0.3853064305954673,0.1302983974016656,19,11,0,30,-0.001516620237619639,0.01571939025372804,2015-01-30T05:00:00+00:00,2024-12-31T05:00:00+00:00,,,,,,,,,,,,,
state,trend_crossover,1,f1126ca778e6f7ce,IWM,20,a040ca488aa3f51f,neutral,,2457,0.00650103501473988,0.009530814588924352,-0.40458603421785844,0.2461822494656265,1429,1027,1,59,-5.9894273892529756e-05,-9.681015509821478e-05,2015-01-02T05:00:00+00:00,2024-12-30T05:00:00+00:00,,,,,,,,,,,,,
neutral_reason,trend_crossover,1,f1126ca778e6f7ce,IWM,20,a040ca488aa3f51f,neutral,relationship_unchanged,2457,0.00650103501473988,0.009530814588924352,-0.40458603421785844,0.2461822494656265,1429,1027,1,59,-5.9894273892529756e-05,-9.681015509821478e-05,2015-01-02T05:00:00+00:00,2024-12-30T05:00:00+00:00,,,,,,,,,,,,,
matched_unconditional,trend_alignment,1,650add07184f8440,TLT,1,83e9dabf9b4e27de,all,,2516,8.420990065574892e-05,0.0001538933104784368,-0.06434253377651955,0.053968253968254,1287,1213,16,1,,,2015-01-02T05:00:00+00:00,2024-12-31T05:00:00+00:00,,,,,,,,,,,,,
state,trend_alignment,1,650add07184f8440,TLT,1,83e9dabf9b4e27de,bullish,,1161,-4.840906641641964e-06,0.000100396851125506,-0.06434253377651955,0.053968253968254,590,558,13,27,-8.905080729739088e-05,-5.349645935293079e-05,2015-01-02T05:00:00+00:00,2024-10-09T04:00:00+00:00,,,,,,,,,,,,,
state,trend_alignment,1,650add07184f8440,TLT,1,83e9dabf9b4e27de,bearish,,1243,7.145679374483986e-05,0.00011595900397765035,-0.024098935965678248,0.030152184089240253,633,608,2,29,-1.2753106910909058e-05,-3.793430650078644e-05,2015-03-02T05:00:00+00:00,2024-12-31T05:00:00+00:00,,,,,,,,,,,,,
state,trend_alignment,1,650add07184f8440,TLT,1,83e9dabf9b4e27de,neutral,,112,0.0011488536431783452,0.0011492100354866253,-0.011610274662053,0.016998986080304146,64,47,1,52,0.0010646437425225962,0.0009953167250081885,2015-04-07T04:00:00+00:00,2024-12-23T05:00:00+00:00,,,,,,,,,,,,,
neutral_reason,trend_alignment,1,650add07184f8440,TLT,1,83e9dabf9b4e27de,neutral,trend_margin_below_threshold,112,0.0011488536431783452,0.0011492100354866253,-0.011610274662053,0.016998986080304146,64,47,1,52,0.0010646437425225962,0.0009953167250081885,2015-04-07T04:00:00+00:00,2024-12-23T05:00:00+00:00,,,,,,,,,,,,,
matched_unconditional,trend_alignment,1,650add07184f8440,TLT,5,b586481caf972d58,all,,2516,-0.00041463712993547274,0.00029400213070185366,-0.14048019433102354,0.11364668100251474,1274,1239,3,1,,,2015-01-02T05:00:00+00:00,2024-12-31T05:00:00+00:00,,,,,,,,,,,,,
state,trend_alignment,1,650add07184f8440,TLT,5,b586481caf972d58,bullish,,1161,0.0004113624255300921,0.0008312368510099422,-0.14048019433102354,0.11364668100251474,612,548,1,27,0.0008259995554655648,0.0005372347203080885,2015-01-02T05:00:00+00:00,2024-10-09T04:00:00+00:00,,,,,,,,,,,,,
state,trend_alignment,1,650add07184f8440,TLT,5,b586481caf972d58,bearish,,1243,-0.00130642859721225,-0.00033867509373153304,-0.07411087160152174,0.06126999128777144,605,636,2,29,-0.0008917914672767772,-0.0006326772244333867,2015-03-02T05:00:00+00:00,2024-12-31T05:00:00+00:00,,,,,,,,,,,,,
state,trend_alignment,1,650add07184f8440,TLT,5,b586481caf972d58,neutral,,112,0.0009202852801494689,0.00040542001835786046,-0.04555145407300387,0.03675208931651497,57,55,0,52,0.0013349224100849416,0.0001114178876560068,2015-04-07T04:00:00+00:00,2024-12-23T05:00:00+00:00,,,,,,,,,,,,,
neutral_reason,trend_alignment,1,650add07184f8440,TLT,5,b586481caf972d58,neutral,trend_margin_below_threshold,112,0.0009202852801494689,0.00040542001835786046,-0.04555145407300387,0.03675208931651497,57,55,0,52,0.0013349224100849416,0.0001114178876560068,2015-04-07T04:00:00+00:00,2024-12-23T05:00:00+00:00,,,,,,,,,,,,,
matched_unconditional,trend_alignment,1,650add07184f8440,TLT,20,a040ca488aa3f51f,all,,2516,-0.002428813077705592,-0.002758638665732671,-0.11569857982905696,0.18049611358343443,1199,1317,0,1,,,2015-01-02T05:00:00+00:00,2024-12-31T05:00:00+00:00,,,,,,,,,,,,,
state,trend_alignment,1,650add07184f8440,TLT,20,a040ca488aa3f51f,bullish,,1161,0.00032244566313677437,-0.0027098196285315623,-0.09133994046004967,0.18049611358343443,549,612,0,27,0.0027512587408423665,4.8819037201108806e-05,2015-01-02T05:00:00+00:00,2024-10-09T04:00:00+00:00,,,,,,,,,,,,,
state,trend_alignment,1,650add07184f8440,TLT,20,a040ca488aa3f51f,bearish,,1243,-0.005165704281878991,-0.004697928675694851,-0.11569857982905696,0.16680879958201777,591,652,0,29,-0.0027368912041733987,-0.0019392900099621802,2015-03-02T05:00:00+00:00,2024-12-31T05:00:00+00:00,,,,,,,,,,,,,
state,trend_alignment,1,650add07184f8440,TLT,20,a040ca488aa3f51f,neutral,,112,-0.0005739526431560667,0.002069931213357634,-0.1036228513028874,0.09800224173800487,59,53,0,52,0.0018548604345495255,0.004828569879090305,2015-04-07T04:00:00+00:00,2024-12-23T05:00:00+00:00,,,,,,,,,,,,,
neutral_reason,trend_alignment,1,650add07184f8440,TLT,20,a040ca488aa3f51f,neutral,trend_margin_below_threshold,112,-0.0005739526431560667,0.002069931213357634,-0.1036228513028874,0.09800224173800487,59,53,0,52,0.0018548604345495255,0.004828569879090305,2015-04-07T04:00:00+00:00,2024-12-23T05:00:00+00:00,,,,,,,,,,,,,
matched_unconditional,momentum_in_trend_context,1,6589cb8021b76574,TLT,1,83e9dabf9b4e27de,all,,2516,8.420990065574892e-05,0.0001538933104784368,-0.06434253377651955,0.053968253968254,1287,1213,16,1,,,2015-01-02T05:00:00+00:00,2024-12-31T05:00:00+00:00,,,,,,,,,,,,,
state,momentum_in_trend_context,1,6589cb8021b76574,TLT,1,83e9dabf9b4e27de,bullish,,599,0.00012126739716959978,0.00022602635442003916,-0.06434253377651955,0.053968253968254,310,282,7,85,3.705749651385086e-05,7.213304394160236e-05,2015-01-02T05:00:00+00:00,2024-09-18T04:00:00+00:00,,,,,,,,,,,,,
state,momentum_in_trend_context,1,6589cb8021b76574,TLT,1,83e9dabf9b4e27de,bearish,,696,8.077179938757872e-05,0.00022245337650095287,-0.022487260514570395,0.030152184089240253,355,341,0,85,-3.4381012681702038e-06,6.856006602251608e-05,2015-03-02T05:00:00+00:00,2024-12-31T05:00:00+00:00,,,,,,,,,,,,,
state,momentum_in_trend_context,1,6589cb8021b76574,TLT,1,83e9dabf9b4e27de,neutral,,1221,6.798998097585522e-05,8.619558903433244e-05,-0.055548223225586724,0.03998688520543481,622,590,9,169,-1.6219919679893698e-05,-6.769772144410435e-05,2015-02-05T05:00:00+00:00,2024-12-11T05:00:00+00:00,,,,,,,,,,,,,
neutral_reason,momentum_in_trend_context,1,6589cb8021b76574,TLT,1,83e9dabf9b4e27de,neutral,"fast_above_slow,momentum_depressed,momentum_contradicts_trend",207,0.0004088409710162821,0.0005042876633798432,-0.02136434286859501,0.01634612450232864,110,96,1,66,0.0003246310703605332,0.0003503943529014064,2015-02-10T05:00:00+00:00,2024-10-09T04:00:00+00:00,,,,,,,,,,,,,
neutral_reason,momentum_in_trend_context,1,6589cb8021b76574,TLT,1,83e9dabf9b4e27de,neutral,"fast_below_slow,momentum_elevated,momentum_contradicts_trend",195,-0.0007252418738167726,-0.0008596254770080192,-0.024098935965678248,0.025302962401767326,84,111,0,70,-0.0008094517744725215,-0.001013518787486456,2015-03-18T04:00:00+00:00,2024-12-06T05:00:00+00:00,,,,,,,,,,,,,
neutral_reason,momentum_in_trend_context,1,6589cb8021b76574,TLT,1,83e9dabf9b4e27de,neutral,momentum_midrange,819,0.00017070555697853418,0.00021276614736409627,-0.055548223225586724,0.03998688520543481,428,383,8,269,8.649565632278525e-05,5.8872836885659474e-05,2015-02-05T05:00:00+00:00,2024-12-11T05:00:00+00:00,,,,,,,,,,,,,
matched_unconditional,momentum_in_trend_context,1,6589cb8021b76574,TLT,5,b586481caf972d58,all,,2516,-0.00041463712993547274,0.00029400213070185366,-0.14048019433102354,0.11364668100251474,1274,1239,3,1,,,2015-01-02T05:00:00+00:00,2024-12-31T05:00:00+00:00,,,,,,,,,,,,,
state,momentum_in_trend_context,1,6589cb8021b76574,TLT,5,b586481caf972d58,bullish,,599,0.00022047338622469535,0.0010139179342187887,-0.14048019433102354,0.11364668100251474,318,280,1,85,0.0006351105161601681,0.0007199158035169351,2015-01-02T05:00:00+00:00,2024-09-18T04:00:00+00:00,,,,,,,,,,,,,
state,momentum_in_trend_context,1,6589cb8021b76574,TLT,5,b586481caf972d58,bearish,,696,-0.001815447394898802,-0.0008572879029000724,-0.07411087160152174,0.05995733934328884,330,364,2,85,-0.0014008102649633292,-0.001151290033601926,2015-03-02T05:00:00+00:00,2024-12-31T05:00:00+00:00,,,,,,,,,,,,,
state,momentum_in_trend_context,1,6589cb8021b76574,TLT,5,b586481caf972d58,neutral,,1221,7.22856753344181e-05,0.0004696114401263607,-0.051618208953704836,0.1060904842575916,626,595,0,169,0.00048692280526989085,0.00017560930942450703,2015-02-05T05:00:00+00:00,2024-12-11T05:00:00+00:00,,,,,,,,,,,,,
neutral_reason,momentum_in_trend_context,1,6589cb8021b76574,TLT,5,b586481caf972d58,neutral,"fast_above_slow,momentum_depressed,momentum_contradicts_trend",207,0.0030935271118106614,0.0030228084972192537,-0.04555145407300387,0.1060904842575916,124,83,0,66,0.003508164241746134,0.0027288063665174,2015-02-10T05:00:00+00:00,2024-10-09T04:00:00+00:00,,,,,,,,,,,,,
neutral_reason,momentum_in_trend_context,1,6589cb8021b76574,TLT,5,b586481caf972d58,neutral,"fast_below_slow,momentum_elevated,momentum_contradicts_trend",195,-0.0007057582741172764,-0.001602855069502196,-0.04085537211583268,0.06126999128777144,87,108,0,70,-0.0002911211441818037,-0.0018968572002040496,2015-03-18T04:00:00+00:00,2024-12-06T05:00:00+00:00,,,,,,,,,,,,,
neutral_reason,momentum_in_trend_context,1,6589cb8021b76574,TLT,5,b586481caf972d58,neutral,momentum_midrange,819,-0.0005060762382278554,0.00024706621437387,-0.051618208953704836,0.06588594324457131,415,404,0,269,-9.143910829238262e-05,-4.693591632798366e-05,2015-02-05T05:00:00+00:00,2024-12-11T05:00:00+00:00,,,,,,,,,,,,,
matched_unconditional,momentum_in_trend_context,1,6589cb8021b76574,TLT,20,a040ca488aa3f51f,all,,2516,-0.002428813077705592,-0.002758638665732671,-0.11569857982905696,0.18049611358343443,1199,1317,0,1,,,2015-01-02T05:00:00+00:00,2024-12-31T05:00:00+00:00,,,,,,,,,,,,,
state,momentum_in_trend_context,1,6589cb8021b76574,TLT,20,a040ca488aa3f51f,bullish,,599,-0.0006835363922131836,-0.0059152689026110705,-0.08666906877256264,0.18049611358343443,262,337,0,85,0.0017452766854924085,-0.0031566302368783994,2015-01-02T05:00:00+00:00,2024-09-18T04:00:00+00:00,,,,,,,,,,,,,
state,momentum_in_trend_context,1,6589cb8021b76574,TLT,20,a040ca488aa3f51f,bearish,,696,-0.008892670614677146,-0.007345385362566292,-0.11569857982905696,0.16680879958201777,309,387,0,85,-0.006463857536971554,-0.004586746696833621,2015-03-02T05:00:00+00:00,2024-12-31T05:00:00+00:00,,,,,,,,,,,,,
state,momentum_in_trend_context,1,6589cb8021b76574,TLT,20,a040ca488aa3f51f,neutral,,1221,0.00039954409766070526,0.0013262396829896161,-0.11180166140730152,0.1574685258265005,628,593,0,169,0.0028283571753662975,0.004084878348722287,2015-02-05T05:00:00+00:00,2024-12-11T05:00:00+00:00,,,,,,,,,,,,,
neutral_reason,momentum_in_trend_context,1,6589cb8021b76574,TLT,20,a040ca488aa3f51f,neutral,"fast_above_slow,momentum_depressed,momentum_contradicts_trend",207,0.006393281899356344,0.009122135632874118,-0.1036228513028874,0.1574685258265005,120,87,0,66,0.008822094977061937,0.011880774298606789,2015-02-10T05:00:00+00:00,2024-10-09T04:00:00+00:00,,,,,,,,,,,,,
neutral_reason,momentum_in_trend_context,1,6589cb8021b76574,TLT,20,a040ca488aa3f51f,neutral,"fast_below_slow,momentum_elevated,momentum_contradicts_trend",195,0.002110416063547128,-0.0009450523185505766,-0.08586019659795074,0.09971159603609991,95,100,0,70,0.00453922914125272,0.0018135863471820945,2015-03-18T04:00:00+00:00,2024-12-06T05:00:00+00:00,,,,,,,,,,,,,
neutral_reason,momentum_in_trend_context,1,6589cb8021b76574,TLT,20,a040ca488aa3f51f,neutral,momentum_midrange,819,-0.0015227071334734212,0.00041472216873494894,-0.11180166140730152,0.1208048901349783,413,406,0,269,0.0009061059442321709,0.00317336083446762,2015-02-05T05:00:00+00:00,2024-12-11T05:00:00+00:00,,,,,,,,,,,,,
matched_unconditional,trend_crossover,1,f1126ca778e6f7ce,TLT,1,83e9dabf9b4e27de,all,,2516,8.420990065574892e-05,0.0001538933104784368,-0.06434253377651955,0.053968253968254,1287,1213,16,1,,,2015-01-02T05:00:00+00:00,2024-12-31T05:00:00+00:00,,,,,,,,,,,,,
state,trend_crossover,1,f1126ca778e6f7ce,TLT,1,83e9dabf9b4e27de,bullish,,28,0.0004657880701826045,-0.0004231769228222326,-0.011610274662053,0.011074196746447829,13,14,1,28,0.0003815781695268556,-0.0005770702333006694,2015-04-08T04:00:00+00:00,2024-05-31T04:00:00+00:00,,,,,,,,,,,,,
state,trend_crossover,1,f1126ca778e6f7ce,TLT,1,83e9dabf9b4e27de,bearish,,29,0.0010616511112857858,0.002105263157894832,-0.007187906384237164,0.00832779409430029,16,13,0,29,0.0009774412106300367,0.0019513698474163954,2015-03-02T05:00:00+00:00,2024-10-10T04:00:00+00:00,,,,,,,,,,,,,
state,trend_crossover,1,f1126ca778e6f7ce,TLT,1,83e9dabf9b4e27de,neutral,,2459,6.833760140604456e-05,0.00015276280274734155,-0.06434253377651955,0.053968253968254,1258,1186,15,57,-1.5872299249704362e-05,-1.1305077310952427e-06,2015-01-02T05:00:00+00:00,2024-12-31T05:00:00+00:00,,,,,,,,,,,,,
neutral_reason,trend_crossover,1,f1126ca778e6f7ce,TLT,1,83e9dabf9b4e27de,neutral,relationship_unchanged,2459,6.833760140604456e-05,0.00015276280274734155,-0.06434253377651955,0.053968253968254,1258,1186,15,57,-1.5872299249704362e-05,-1.1305077310952427e-06,2015-01-02T05:00:00+00:00,2024-12-31T05:00:00+00:00,,,,,,,,,,,,,
matched_unconditional,trend_crossover,1,f1126ca778e6f7ce,TLT,5,b586481caf972d58,all,,2516,-0.00041463712993547274,0.00029400213070185366,-0.14048019433102354,0.11364668100251474,1274,1239,3,1,,,2015-01-02T05:00:00+00:00,2024-12-31T05:00:00+00:00,,,,,,,,,,,,,
state,trend_crossover,1,f1126ca778e6f7ce,TLT,5,b586481caf972d58,bullish,,28,0.004385167582036343,0.004715661869929888,-0.02095969002529896,0.03278554249539489,20,8,0,28,0.004799804711971816,0.004421659739228034,2015-04-08T04:00:00+00:00,2024-05-31T04:00:00+00:00,,,,,,,,,,,,,
state,trend_crossover,1,f1126ca778e6f7ce,TLT,5,b586481caf972d58,bearish,,29,-0.00233378760650679,0.002185442830652251,-0.033679618709407166,0.026531981383374648,16,13,0,29,-0.0019191504765713172,0.0018914406999503974,2015-03-02T05:00:00+00:00,2024-10-10T04:00:00+00:00,,,,,,,,,,,,,
state,trend_crossover,1,f1126ca778e6f7ce,TLT,5,b586481caf972d58,neutral,,2459,-0.0004466579384408174,0.00018702573515483323,-0.14048019433102354,0.11364668100251474,1238,1218,3,57,-3.202080850534466e-05,-0.00010697639554702043,2015-01-02T05:00:00+00:00,2024-12-31T05:00:00+00:00,,,,,,,,,,,,,
neutral_reason,trend_crossover,1,f1126ca778e6f7ce,TLT,5,b586481caf972d58,neutral,relationship_unchanged,2459,-0.0004466579384408174,0.00018702573515483323,-0.14048019433102354,0.11364668100251474,1238,1218,3,57,-3.202080850534466e-05,-0.00010697639554702043,2015-01-02T05:00:00+00:00,2024-12-31T05:00:00+00:00,,,,,,,,,,,,,
matched_unconditional,trend_crossover,1,f1126ca778e6f7ce,TLT,20,a040ca488aa3f51f,all,,2516,-0.002428813077705592,-0.002758638665732671,-0.11569857982905696,0.18049611358343443,1199,1317,0,1,,,2015-01-02T05:00:00+00:00,2024-12-31T05:00:00+00:00,,,,,,,,,,,,,
state,trend_crossover,1,f1126ca778e6f7ce,TLT,20,a040ca488aa3f51f,bullish,,28,-0.000862346104040885,-0.000297676603145669,-0.07878045345200524,0.09058693276551932,14,14,0,28,0.001566466973664707,0.002460962062587002,2015-04-08T04:00:00+00:00,2024-05-31T04:00:00+00:00,,,,,,,,,,,,,
state,trend_crossover,1,f1126ca778e6f7ce,TLT,20,a040ca488aa3f51f,bearish,,29,0.0012706359386342287,0.003866513236553626,-0.07418582331381518,0.049839862653137335,18,11,0,29,0.0036994490163398206,0.006625151902286297,2015-03-02T05:00:00+00:00,2024-10-10T04:00:00+00:00,,,,,,,,,,,,,
state,trend_crossover,1,f1126ca778e6f7ce,TLT,20,a040ca488aa3f51f,neutral,,2459,-0.002490279160152305,-0.0030389509249060254,-0.11569857982905696,0.18049611358343443,1167,1292,0,57,-6.146608244671269e-05,-0.00028031225917335423,2015-01-02T05:00:00+00:00,2024-12-31T05:00:00+00:00,,,,,,,,,,,,,
neutral_reason,trend_crossover,1,f1126ca778e6f7ce,TLT,20,a040ca488aa3f51f,neutral,relationship_unchanged,2459,-0.002490279160152305,-0.0030389509249060254,-0.11569857982905696,0.18049611358343443,1167,1292,0,57,-6.146608244671269e-05,-0.00028031225917335423,2015-01-02T05:00:00+00:00,2024-12-31T05:00:00+00:00,,,,,,,,,,,,,
matched_unconditional,trend_alignment,1,650add07184f8440,GLD,1,83e9dabf9b4e27de,all,,2516,-2.538708402695583e-05,-8.379805839109356e-05,-0.0410922196820408,0.030131441990155494,1230,1273,13,1,,,2015-01-02T05:00:00+00:00,2024-12-31T05:00:00+00:00,,,,,,,,,,,,,
state,trend_alignment,1,650add07184f8440,GLD,1,83e9dabf9b4e27de,bullish,,1325,7.020231504379403e-05,0.0,-0.0410922196820408,0.030131441990155494,656,662,7,27,9.558939907074987e-05,8.379805839109356e-05,2015-01-02T05:00:00+00:00,2024-11-25T05:00:00+00:00,,,,,,,,,,,,,
state,trend_alignment,1,650add07184f8440,GLD,1,83e9dabf9b4e27de,bearish,,1099,-0.00013149911413299573,-9.210070323206754e-05,-0.02228969366734035,0.022180853472883344,531,563,5,28,-0.0001061120301060399,-8.302644840973983e-06,2015-03-02T05:00:00+00:00,2024-12-31T05:00:00+00:00,,,,,,,,,,,,,
state,trend_alignment,1,650add07184f8440,GLD,1,83e9dabf9b4e27de,neutral,,92,-0.00013450483057267007,-0.00021934548936286546,-0.008867994025697046,0.009964887835188119,43,48,1,48,-0.00010911774654571424,-0.0001355474309717719,2015-02-27T05:00:00+00:00,2024-07-12T04:00:00+00:00,,,,,,,,,,,,,
neutral_reason,trend_alignment,1,650add07184f8440,GLD,1,83e9dabf9b4e27de,neutral,trend_margin_below_threshold,92,-0.00013450483057267007,-0.00021934548936286546,-0.008867994025697046,0.009964887835188119,43,48,1,48,-0.00010911774654571424,-0.0001355474309717719,2015-02-27T05:00:00+00:00,2024-07-12T04:00:00+00:00,,,,,,,,,,,,,
matched_unconditional,trend_alignment,1,650add07184f8440,GLD,5,b586481caf972d58,all,,2516,0.0013148640494255195,0.0010367282500594044,-0.09659525053372087,0.0890483844889336,1321,1189,6,1,,,2015-01-02T05:00:00+00:00,2024-12-31T05:00:00+00:00,,,,,,,,,,,,,
state,trend_alignment,1,650add07184f8440,GLD,5,b586481caf972d58,bullish,,1325,0.0019050208245401227,0.0017245490861665935,-0.09659525053372087,0.0890483844889336,712,611,2,27,0.0005901567751146032,0.0006878208361071891,2015-01-02T05:00:00+00:00,2024-11-25T05:00:00+00:00,,,,,,,,,,,,,
state,trend_alignment,1,650add07184f8440,GLD,5,b586481caf972d58,bearish,,1099,0.0008963644028211197,0.0005899717229451706,-0.057763476499562705,0.057247210470625864,570,525,4,28,-0.0004184996466043997,-0.00044675652711423375,2015-03-02T05:00:00+00:00,2024-12-31T05:00:00+00:00,,,,,,,,,,,,,
state,trend_alignment,1,650add07184f8440,GLD,5,b586481caf972d58,neutral,,92,-0.0021854252484941965,-0.0029422862797804372,-0.05397274227990534,0.05290146085919756,39,53,0,48,-0.003500289297919716,-0.003979014529839842,2015-02-27T05:00:00+00:00,2024-07-12T04:00:00+00:00,,,,,,,,,,,,,
neutral_reason,trend_alignment,1,650add07184f8440,GLD,5,b586481caf972d58,neutral,trend_margin_below_threshold,92,-0.0021854252484941965,-0.0029422862797804372,-0.05397274227990534,0.05290146085919756,39,53,0,48,-0.003500289297919716,-0.003979014529839842,2015-02-27T05:00:00+00:00,2024-07-12T04:00:00+00:00,,,,,,,,,,,,,
matched_unconditional,trend_alignment,1,650add07184f8440,GLD,20,a040ca488aa3f51f,all,,2516,0.006221469590144139,0.0035002488439757062,-0.1160252327422614,0.17337893665894177,1350,1161,5,1,,,2015-01-02T05:00:00+00:00,2024-12-31T05:00:00+00:00,,,,,,,,,,,,,
state,trend_alignment,1,650add07184f8440,GLD,20,a040ca488aa3f51f,bullish,,1325,0.007435539152675668,0.0040883736191621445,-0.1160252327422614,0.17337893665894177,718,604,3,27,0.001214069562531529,0.0005881247751864382,2015-01-02T05:00:00+00:00,2024-11-25T05:00:00+00:00,,,,,,,,,,,,,
state,trend_alignment,1,650add07184f8440,GLD,20,a040ca488aa3f51f,bearish,,1099,0.004687051359033063,0.0023452157934193973,-0.10032180944927804,0.14756624152861453,582,515,2,28,-0.0015344182311110757,-0.001155033050556309,2015-03-02T05:00:00+00:00,2024-12-31T05:00:00+00:00,,,,,,,,,,,,,
state,trend_alignment,1,650add07184f8440,GLD,20,a040ca488aa3f51f,neutral,,92,0.007065855086196279,0.002167438196810423,-0.06197891682799772,0.12809762367479993,50,42,0,48,0.0008443854960521399,-0.0013328106471652834,2015-02-27T05:00:00+00:00,2024-07-12T04:00:00+00:00,,,,,,,,,,,,,
neutral_reason,trend_alignment,1,650add07184f8440,GLD,20,a040ca488aa3f51f,neutral,trend_margin_below_threshold,92,0.007065855086196279,0.002167438196810423,-0.06197891682799772,0.12809762367479993,50,42,0,48,0.0008443854960521399,-0.0013328106471652834,2015-02-27T05:00:00+00:00,2024-07-12T04:00:00+00:00,,,,,,,,,,,,,
matched_unconditional,momentum_in_trend_context,1,6589cb8021b76574,GLD,1,83e9dabf9b4e27de,all,,2516,-2.538708402695583e-05,-8.379805839109356e-05,-0.0410922196820408,0.030131441990155494,1230,1273,13,1,,,2015-01-02T05:00:00+00:00,2024-12-31T05:00:00+00:00,,,,,,,,,,,,,
state,momentum_in_trend_context,1,6589cb8021b76574,GLD,1,83e9dabf9b4e27de,bullish,,787,-1.1978007928278203e-05,-4.388900470708723e-05,-0.029848277876936558,0.02593233117632554,391,394,2,91,1.3409076098677627e-05,3.9909053684006324e-05,2015-01-06T05:00:00+00:00,2024-11-22T05:00:00+00:00,,,,,,,,,,,,,
state,momentum_in_trend_context,1,6589cb8021b76574,GLD,1,83e9dabf9b4e27de,bearish,,496,-8.832053353507492e-05,-5.798673367890528e-05,-0.021312185701947373,0.019235654834102833,245,249,2,90,-6.293344950811908e-05,2.5811324712188277e-05,2015-03-02T05:00:00+00:00,2024-12-30T05:00:00+00:00,,,,,,,,,,,,,
state,momentum_in_trend_context,1,6589cb8021b76574,GLD,1,83e9dabf9b4e27de,neutral,,1233,-8.629543016114158e-06,-0.00012357469642665375,-0.0410922196820408,0.030131441990155494,594,630,9,182,1.675754101084167e-05,-3.97766380355602e-05,2015-01-02T05:00:00+00:00,2024-12-31T05:00:00+00:00,,,,,,,,,,,,,
neutral_reason,momentum_in_trend_context,1,6589cb8021b76574,GLD,1,83e9dabf9b4e27de,neutral,"fast_above_slow,momentum_depressed,momentum_contradicts_trend",216,-0.00028117510768522986,-0.00036710215586577277,-0.0410922196820408,0.029659798658522085,98,117,1,53,-0.00025578802365827403,-0.0002833040974746792,2015-02-10T05:00:00+00:00,2024-11-18T05:00:00+00:00,,,,,,,,,,,,,
neutral_reason,momentum_in_trend_context,1,6589cb8021b76574,GLD,1,83e9dabf9b4e27de,neutral,"fast_below_slow,momentum_elevated,momentum_contradicts_trend",213,0.0001036458098505282,-0.00030727618183890026,-0.02228969366734035,0.016851489178354884,102,110,1,70,0.00012903289387748403,-0.0002234781234478067,2015-03-26T04:00:00+00:00,2024-12-11T05:00:00+00:00,,,,,,,,,,,,,
neutral_reason,momentum_in_trend_context,1,6589cb8021b76574,GLD,1,83e9dabf9b4e27de,neutral,momentum_midrange,804,3.4847063710172114e-05,-4.95887586430821e-05,-0.02468161765520349,0.030131441990155494,394,403,7,266,6.0234147737127944e-05,3.420929974801146e-05,2015-01-02T05:00:00+00:00,2024-12-31T05:00:00+00:00,,,,,,,,,,,,,
matched_unconditional,momentum_in_trend_context,1,6589cb8021b76574,GLD,5,b586481caf972d58,all,,2516,0.0013148640494255195,0.0010367282500594044,-0.09659525053372087,0.0890483844889336,1321,1189,6,1,,,2015-01-02T05:00:00+00:00,2024-12-31T05:00:00+00:00,,,,,,,,,,,,,
state,momentum_in_trend_context,1,6589cb8021b76574,GLD,5,b586481caf972d58,bullish,,787,0.0017801930022516422,0.002289755767338253,-0.09659525053372087,0.08443388802044693,432,353,2,91,0.0004653289528261228,0.0012530275172788485,2015-01-06T05:00:00+00:00,2024-11-22T05:00:00+00:00,,,,,,,,,,,,,
state,momentum_in_trend_context,1,6589cb8021b76574,GLD,5,b586481caf972d58,bearish,,496,0.0009474715967150881,0.0017397033090791325,-0.04947826445543935,0.0550500093404076,268,226,2,90,-0.00036739245271043134,0.0007029750590197281,2015-03-02T05:00:00+00:00,2024-12-30T05:00:00+00:00,,,,,,,,,,,,,
state,momentum_in_trend_context,1,6589cb8021b76574,GLD,5,b586481caf972d58,neutral,,1233,0.0011656448853299924,0.00011501996706275719,-0.07616119008344135,0.0890483844889336,621,610,2,182,-0.000149219164095527,-0.0009217082829966472,2015-01-02T05:00:00+00:00,2024-12-31T05:00:00+00:00,,,,,,,,,,,,,
neutral_reason,momentum_in_trend_context,1,6589cb8021b76574,GLD,5,b586481caf972d58,neutral,"fast_above_slow,momentum_depressed,momentum_contradicts_trend",216,0.0025741245254028047,-0.00026627099572051893,-0.07616119008344135,0.0890483844889336,106,110,0,53,0.0012592604759772853,-0.0013029992457799233,2015-02-10T05:00:00+00:00,2024-11-18T05:00:00+00:00,,,,,,,,,,,,,
neutral_reason,momentum_in_trend_context,1,6589cb8021b76574,GLD,5,b586481caf972d58,neutral,"fast_below_slow,momentum_elevated,momentum_contradicts_trend",213,-0.00045867262627535013,-0.0019756371854895427,-0.05397274227990534,0.05338622630086998,99,113,1,70,-0.0017735366757008696,-0.003012365435548947,2015-03-26T04:00:00+00:00,2024-12-11T05:00:00+00:00,,,,,,,,,,,,,
neutral_reason,momentum_in_trend_context,1,6589cb8021b76574,GLD,5,b586481caf972d58,neutral,momentum_midrange,804,0.0012175702929372197,0.000646080728328613,-0.07147100850194399,0.0649449193659064,416,387,1,266,-9.729375648829977e-05,-0.0003906475217307914,2015-01-02T05:00:00+00:00,2024-12-31T05:00:00+00:00,,,,,,,,,,,,,
matched_unconditional,momentum_in_trend_context,1,6589cb8021b76574,GLD,20,a040ca488aa3f51f,all,,2516,0.006221469590144139,0.0035002488439757062,-0.1160252327422614,0.17337893665894177,1350,1161,5,1,,,2015-01-02T05:00:00+00:00,2024-12-31T05:00:00+00:00,,,,,,,,,,,,,
state,momentum_in_trend_context,1,6589cb8021b76574,GLD,20,a040ca488aa3f51f,bullish,,787,0.006328939094221915,0.0040883736191621445,-0.1160252327422614,0.14086497717735824,421,364,2,91,0.00010746950407777671,0.0005881247751864382,2015-01-06T05:00:00+00:00,2024-11-22T05:00:00+00:00,,,,,,,,,,,,,
state,momentum_in_trend_context,1,6589cb8021b76574,GLD,20,a040ca488aa3f51f,bearish,,496,0.005778253546859227,0.0046333795815033385,-0.08425392833089096,0.11488046407134833,280,214,2,90,-0.00044321604328491186,0.0011331307375276323,2015-03-02T05:00:00+00:00,2024-12-30T05:00:00+00:00,,,,,,,,,,,,,
state,momentum_in_trend_context,1,6589cb8021b76574,GLD,20,a040ca488aa3f51f,neutral,,1233,0.006331166798384291,0.0021258501002772157,-0.10032180944927804,0.17337893665894177,649,583,1,182,0.0001096972082401523,-0.0013743987436984906,2015-01-02T05:00:00+00:00,2024-12-31T05:00:00+00:00,,,,,,,,,,,,,
neutral_reason,momentum_in_trend_context,1,6589cb8021b76574,GLD,20,a040ca488aa3f51f,neutral,"fast_above_slow,momentum_depressed,momentum_contradicts_trend",216,0.01136623505513323,0.004094648580782012,-0.07707693500089052,0.17337893665894177,122,94,0,53,0.005144765464989091,0.0005943997368063059,2015-02-10T05:00:00+00:00,2024-11-18T05:00:00+00:00,,,,,,,,,,,,,
neutral_reason,momentum_in_trend_context,1,6589cb8021b76574,GLD,20,a040ca488aa3f51f,neutral,"fast_below_slow,momentum_elevated,momentum_contradicts_trend",213,0.003720428059151437,0.006324992915561989,-0.0985530706258072,0.14756624152861453,117,96,0,70,-0.002501041530992702,0.0028247440715862826,2015-03-26T04:00:00+00:00,2024-12-11T05:00:00+00:00,,,,,,,,,,,,,
neutral_reason,momentum_in_trend_context,1,6589cb8021b76574,GLD,20,a040ca488aa3f51f,neutral,momentum_midrange,804,0.005670112828233579,0.0008752435612759957,-0.10032180944927804,0.12809762367479993,410,393,1,266,-0.0005513567619105601,-0.0026250052826997106,2015-01-02T05:00:00+00:00,2024-12-31T05:00:00+00:00,,,,,,,,,,,,,
matched_unconditional,trend_crossover,1,f1126ca778e6f7ce,GLD,1,83e9dabf9b4e27de,all,,2516,-2.538708402695583e-05,-8.379805839109356e-05,-0.0410922196820408,0.030131441990155494,1230,1273,13,1,,,2015-01-02T05:00:00+00:00,2024-12-31T05:00:00+00:00,,,,,,,,,,,,,
state,trend_crossover,1,f1126ca778e6f7ce,GLD,1,83e9dabf9b4e27de,bullish,,27,-0.00018252269729352518,0.00015617357352537553,-0.008760876899855385,0.012597012092852689,14,13,0,27,-0.00015713561326656934,0.00023997163191646909,2015-04-17T04:00:00+00:00,2024-07-15T04:00:00+00:00,,,,,,,,,,,,,
state,trend_crossover,1,f1126ca778e6f7ce,GLD,1,83e9dabf9b4e27de,bearish,,28,0.0005405908135810036,-2.8597365359095406e-07,-0.006967630068795527,0.011318423104673014,14,14,0,28,0.0005659778976079595,8.35120847375026e-05,2015-03-02T05:00:00+00:00,2024-11-26T05:00:00+00:00,,,,,,,,,,,,,
state,trend_crossover,1,f1126ca778e6f7ce,GLD,1,83e9dabf9b4e27de,neutral,,2461,-3.0102532858660622e-05,-8.380508050565005e-05,-0.0410922196820408,0.030131441990155494,1202,1246,13,56,-4.715448831704792e-06,-7.022114556498593e-09,2015-01-02T05:00:00+00:00,2024-12-31T05:00:00+00:00,,,,,,,,,,,,,
neutral_reason,trend_crossover,1,f1126ca778e6f7ce,GLD,1,83e9dabf9b4e27de,neutral,relationship_unchanged,2461,-3.0102532858660622e-05,-8.380508050565005e-05,-0.0410922196820408,0.030131441990155494,1202,1246,13,56,-4.715448831704792e-06,-7.022114556498593e-09,2015-01-02T05:00:00+00:00,2024-12-31T05:00:00+00:00,,,,,,,,,,,,,
matched_unconditional,trend_crossover,1,f1126ca778e6f7ce,GLD,5,b586481caf972d58,all,,2516,0.0013148640494255195,0.0010367282500594044,-0.09659525053372087,0.0890483844889336,1321,1189,6,1,,,2015-01-02T05:00:00+00:00,2024-12-31T05:00:00+00:00,,,,,,,,,,,,,
state,trend_crossover,1,f1126ca778e6f7ce,GLD,5,b586481caf972d58,bullish,,27,-0.003019244446242242,-0.004847297463549838,-0.04060835391982043,0.033669629124238654,10,17,0,27,-0.004334108495667762,-0.005884025713609242,2015-04-17T04:00:00+00:00,2024-07-15T04:00:00+00:00,,,,,,,,,,,,,
state,trend_crossover,1,f1126ca778e6f7ce,GLD,5,b586481caf972d58,bearish,,28,0.00013802876159443866,-0.00027102335677825495,-0.03507410946839806,0.05290146085919756,14,14,0,28,-0.0011768352878310808,-0.0013077516068376593,2015-03-02T05:00:00+00:00,2024-11-26T05:00:00+00:00,,,,,,,,,,,,,
state,trend_crossover,1,f1126ca778e6f7ce,GLD,5,b586481caf972d58,neutral,,2461,0.0013758036339205622,0.0012479269981748864,-0.09659525053372087,0.0890483844889336,1297,1158,6,56,6.093958449504273e-05,0.000211198748115482,2015-01-02T05:00:00+00:00,2024-12-31T05:00:00+00:00,,,,,,,,,,,,,
neutral_reason,trend_crossover,1,f1126ca778e6f7ce,GLD,5,b586481caf972d58,neutral,relationship_unchanged,2461,0.0013758036339205622,0.0012479269981748864,-0.09659525053372087,0.0890483844889336,1297,1158,6,56,6.093958449504273e-05,0.000211198748115482,2015-01-02T05:00:00+00:00,2024-12-31T05:00:00+00:00,,,,,,,,,,,,,
matched_unconditional,trend_crossover,1,f1126ca778e6f7ce,GLD,20,a040ca488aa3f51f,all,,2516,0.006221469590144139,0.0035002488439757062,-0.1160252327422614,0.17337893665894177,1350,1161,5,1,,,2015-01-02T05:00:00+00:00,2024-12-31T05:00:00+00:00,,,,,,,,,,,,,
state,trend_crossover,1,f1126ca778e6f7ce,GLD,20,a040ca488aa3f51f,bullish,,27,0.009964851185934634,0.013129326919204765,-0.06592338110508744,0.12809762367479993,16,11,0,27,0.0037433815957904956,0.009629078075229058,2015-04-17T04:00:00+00:00,2024-07-15T04:00:00+00:00,,,,,,,,,,,,,
state,trend_crossover,1,f1126ca778e6f7ce,GLD,20,a040ca488aa3f51f,bearish,,28,0.010722171067850308,0.00021301822267710824,-0.05496464655668987,0.09257384996373941,14,14,0,28,0.004500701477706169,-0.003287230621298598,2015-03-02T05:00:00+00:00,2024-11-26T05:00:00+00:00,,,,,,,,,,,,,
state,trend_crossover,1,f1126ca778e6f7ce,GLD,20,a040ca488aa3f51f,neutral,,2461,0.0061291937086073184,0.0034932891725740767,-0.1160252327422614,0.17337893665894177,1320,1136,5,56,-9.227588153682027e-05,-6.9596714016295635e-06,2015-01-02T05:00:00+00:00,2024-12-31T05:00:00+00:00,,,,,,,,,,,,,
neutral_reason,trend_crossover,1,f1126ca778e6f7ce,GLD,20,a040ca488aa3f51f,neutral,relationship_unchanged,2461,0.0061291937086073184,0.0034932891725740767,-0.1160252327422614,0.17337893665894177,1320,1136,5,56,-9.227588153682027e-05,-6.9596714016295635e-06,2015-01-02T05:00:00+00:00,2024-12-31T05:00:00+00:00,,,,,,,,,,,,,
